study_duration_minutes,breaks_taken,subject_type,time_of_day,self_rating,sleep_hours,distractions,focus_score
178,0,2,2,5,5.72,1,63.5
154,0,5,0,1,4.65,1,41.8
169,0,5,1,9,6.6,3,71.7
16,1,0,0,6,5.89,1,37.2
101,0,2,0,2,6.29,2,38.3
26,5,4,2,2,9.37,3,17.3
90,5,5,0,10,5.46,0,55.8
73,2,2,1,2,6.4,3,28.1
108,1,3,0,4,7.85,5,39.2
180,0,5,2,3,7.17,1,58.6
112,2,0,2,9,5.6,2,56.5
29,1,2,0,7,5.84,1,43.9
160,5,3,1,8,6.48,5,49.3
82,1,1,2,9,7.19,5,46.1
164,3,3,1,3,7.05,0,58.1
43,1,0,1,7,7.48,3,40.3
134,4,3,2,1,7.9,0,44.6
152,2,0,0,2,5.97,1,44.5
82,4,1,2,2,8.85,2,35.6
144,4,1,1,6,8.31,4,53.7
150,0,5,0,8,4.6,2,63.8
93,1,2,1,10,9.23,0,77.9
32,4,1,1,8,9.23,1,48.9
170,3,1,2,4,8.06,3,54.6
110,3,5,0,2,5.74,0,39.5
165,4,1,2,4,4.54,5,33.1
73,0,2,0,2,7.07,2,35.8
69,4,1,2,10,7.38,1,57.9
119,1,2,1,7,6.27,3,52.6
28,5,0,2,2,4.8,5,0
42,1,1,1,9,6.74,3,44.2
133,1,2,0,9,4.99,5,53.1
18,0,1,1,7,6.93,1,46.7
30,1,4,1,7,5.83,3,33.7
157,5,0,0,3,5.45,1,45.4
163,5,5,1,6,4.79,4,43.8
150,1,2,2,2,8.76,0,58.4
75,3,2,2,4,7.39,0,44.4
122,5,5,2,9,6.08,2,53
95,1,3,0,3,7.86,2,41.4
33,0,4,2,10,9.48,0,65.7
144,2,1,0,2,8.9,2,47.7
127,4,0,0,10,9.42,5,58.5
156,2,0,1,3,5.82,0,54.2
54,2,3,2,4,8.09,1,40.1
82,4,4,0,1,4.96,3,18.9
26,0,3,1,5,5.31,3,27.9
124,4,2,1,2,9.23,5,36.6
154,0,3,2,9,5.24,1,65.4
108,0,3,1,4,7.83,2,51.3
119,4,0,1,4,8.82,1,53.3
21,1,0,0,7,8.51,5,33.8
83,1,0,1,7,8.86,3,50.4
132,2,3,1,4,4.62,1,44.7
86,0,3,0,9,6.5,4,49
22,0,3,1,10,9.31,2,54.8
167,3,3,2,6,6.68,4,47.4
162,1,3,1,7,4.51,4,52.2
65,2,4,1,6,7.62,5,36.6
91,4,3,2,7,6.13,5,31.3
47,1,4,2,7,7.89,1,49.5
92,3,5,1,5,5.93,3,39.6
170,5,3,0,8,6.71,1,65.1
58,5,2,0,9,7.82,4,40.6
75,5,3,1,4,5.24,0,33.9
136,4,2,0,7,8.93,4,52.2
113,3,4,1,3,7.78,0,52.3
42,3,1,1,9,6.82,4,38.2
46,3,1,0,9,9.44,4,45.6
128,4,0,2,7,8.65,4,48.9
55,5,4,0,5,8.26,5,24.2
148,3,0,1,5,6.7,5,39.8
84,2,3,2,2,5.19,1,29.2
54,5,1,1,7,6.54,4,31.2
30,1,4,0,10,9.23,0,65.8
162,3,4,1,6,5.99,3,55
122,4,0,2,9,8.5,1,64.6
84,3,4,1,7,6.18,5,37.3
57,3,1,2,9,4.63,3,38.3
21,0,0,0,3,8.83,1,32.9
112,2,1,0,6,6.19,3,43.7
122,2,2,0,1,8.25,0,50.6
104,1,0,1,1,8.27,1,40.2
20,4,1,1,3,6.87,0,29.4
70,3,0,0,6,5.34,4,31.7
44,1,3,1,10,4.63,2,47.2
111,3,0,1,2,7.46,5,25.4
92,5,5,1,10,8.41,2,61.3
109,0,5,2,6,4.56,3,45
42,3,3,2,8,8.04,3,38.9
148,5,3,2,9,8.37,3,60.5
166,2,3,1,2,5.89,3,40
133,4,5,2,7,6.18,3,50.8
61,3,1,0,5,6.2,4,28.7
85,4,2,2,4,4.93,5,18.9
157,1,0,0,8,6.74,0,69.7
71,3,0,1,5,7.82,2,40.7
150,2,4,2,9,6.15,5,53
93,2,1,1,4,6.08,5,29.1
62,1,1,2,8,5.88,4,41.5
149,4,3,1,4,5.98,2,43.5
18,5,5,1,5,4.73,0,28.8
47,5,4,1,1,7.37,3,16.7
102,1,2,0,8,5.07,0,58.5
33,4,0,2,1,5.26,4,6.2
36,1,2,2,7,7.53,4,34.2
148,3,4,0,5,8.8,3,52.8
173,0,5,2,2,9.24,1,62.7
82,5,2,1,4,5.37,0,36
119,3,0,2,8,5.96,1,54.1
87,5,4,1,4,9.12,5,32
65,3,2,2,4,7.74,2,37.8
33,0,1,0,10,8.24,4,51.5
127,0,4,2,5,8,2,55.3
141,3,2,2,1,8.95,5,31.8
79,0,2,1,10,7.44,0,73.5
83,4,2,1,8,7.09,3,49.5
61,4,4,2,8,9.35,3,45.9
100,2,0,1,3,6.15,5,26.1
117,4,2,0,2,6.07,2,31.3
118,4,2,2,9,6.81,0,62.3
107,4,4,2,8,8.3,1,57.8
48,2,4,2,8,5.11,5,29.5
76,5,1,0,9,4.57,3,36.3
44,3,2,2,3,6.99,5,15
84,3,4,0,4,6.78,1,39.9
168,4,0,1,2,5.88,3,37.2
144,2,2,0,5,8.69,4,54.5
140,1,4,2,8,6.23,4,55.2
111,3,3,1,4,7.36,1,49.7
120,0,3,2,8,8.03,3,59
53,3,2,1,9,9.33,2,58.4
127,0,5,0,1,8.11,3,43.5
54,0,4,0,6,7.62,3,42.7
99,5,5,0,6,7.63,3,45.1
24,4,2,1,5,9.49,5,24
40,5,0,1,8,5.33,2,37.1
26,2,2,0,6,6.37,1,36
120,4,0,1,3,5.38,4,30.1
173,5,1,0,10,5.22,3,62.1
132,2,0,1,8,9.01,5,56.2
33,3,3,2,5,7.69,3,29.8
131,2,1,0,8,5.03,3,52
162,2,0,0,1,9.39,5,38.3
17,4,0,2,1,9.05,5,7.7
88,1,5,0,4,7.68,4,36
50,5,2,2,1,6.04,3,9.3
108,5,1,1,5,6.13,3,35.2
48,4,3,2,9,9.07,1,52
138,2,0,0,2,6.84,0,46
72,5,0,2,7,9.34,4,38.7
116,0,3,2,2,6.77,5,30.7
82,4,4,2,6,5.04,1,39
173,4,3,2,4,7.74,5,44.2
92,5,4,1,3,4.73,0,33.2
141,0,2,1,9,5.18,3,60.9
153,3,5,2,3,8.93,5,39.4
140,4,4,0,1,7.95,1,42.4
75,2,2,2,6,7.22,5,32.9
116,2,1,1,8,4.96,1,57.5
167,0,2,0,4,9.44,4,56
156,1,5,1,4,6.14,1,58.7
167,0,3,1,3,7.2,1,56.5
21,1,2,0,4,7.44,0,36.4
28,1,0,0,9,5.07,0,47.3
107,4,5,1,8,7.02,4,45.4
148,2,4,2,1,4.8,3,32.7
124,5,2,0,8,4.87,0,55
52,0,1,0,10,7.67,4,52.1
112,4,5,0,8,7.03,3,49.1
44,5,0,2,4,6.65,1,27.3
131,3,4,2,2,6.06,2,37.1
110,1,0,0,2,4.96,0,37
39,5,0,0,3,7.28,4,18.7
158,2,0,1,7,6.27,5,52.3
123,5,2,0,10,6.06,0,66.1
69,1,0,0,4,8.74,2,44.2
109,0,3,2,4,8.54,4,45.7
174,4,0,2,9,4.63,5,51.2
83,0,1,0,5,9.11,2,48.5
51,4,0,0,2,5.21,5,10.1
38,5,5,1,7,6.6,2,34.7
94,5,3,2,10,4.92,0,53.1
173,0,0,1,5,6.72,3,57.4
128,3,3,1,9,5.07,3,50.9
166,3,5,2,5,4.73,3,48.7
29,0,1,0,4,8.34,2,35.1
45,0,4,2,7,5.38,3,36.3
73,4,5,2,6,4.86,5,21.3
19,3,2,0,10,6.65,3,42.5
121,2,2,0,1,9.33,1,48.7
173,3,0,0,2,6.68,0,50.9
165,3,5,1,7,8.85,5,57.6
100,1,2,2,2,7.15,1,43.3
104,2,0,2,3,5.68,1,36.1
59,4,1,2,2,5.39,5,9.2
159,4,4,2,10,7.71,4,61.7
175,2,1,0,2,6.84,5,37.2
85,4,2,0,9,4.87,3,43
29,2,3,1,2,7.58,4,17.5
163,4,0,1,8,9.05,4,62.8
97,4,4,2,3,9.29,3,34.8
102,5,2,2,3,4.7,5,16.7
127,4,5,2,3,6.32,2,38.1
101,5,5,1,6,4.83,0,47.3
113,2,3,2,10,8.87,2,65
51,2,3,2,7,5.14,5,28.4
94,4,4,2,6,8.57,5,38.4
149,0,0,2,7,7.04,0,68.1
61,1,3,0,4,5.63,1,33.9
90,0,5,2,9,4.69,2,55.4
173,1,5,0,3,5.31,5,41.1
57,5,4,1,7,6.32,5,26.3
128,4,3,2,8,5.67,1,54
135,1,3,2,10,9.42,3,72.7
112,4,5,0,3,8.58,4,34.2
79,0,0,0,6,7.27,0,56
147,0,3,1,3,5.86,4,38.9
126,0,1,0,6,9.15,3,56.3
143,2,1,0,2,6.37,0,47.7
40,5,0,0,3,5.19,2,19.8
135,5,1,2,8,6.74,0,64.2
19,2,1,1,9,9.2,4,43.9
43,2,1,0,2,4.74,3,16.5
174,3,2,1,8,7.48,0,77.4
162,1,0,1,5,6.65,4,49.3
161,3,1,2,2,7.12,2,41.9
149,4,5,2,9,4.6,3,50.9
114,2,3,2,1,6.29,0,37.7
175,0,5,2,6,5.17,2,60.5
179,1,0,0,8,7.66,1,72.5
132,0,3,1,1,8.46,0,52
94,4,4,2,8,5.77,5,33.9
106,0,0,0,5,5.12,2,43
117,5,4,0,6,9.37,3,51.1
109,4,3,1,7,4.89,4,40.8
61,4,3,0,2,4.9,5,7.5
129,4,0,0,3,7.95,2,42.4
105,4,4,0,1,4.88,5,13.3
146,5,0,1,1,5.21,4,25.1
127,0,1,1,4,8.39,2,54.3
160,0,5,1,8,9.24,2,76.9
34,4,1,2,6,6.49,5,19.3
44,0,0,1,8,7.09,4,39.1
81,5,4,1,10,5.93,3,45.9
49,0,4,1,8,9.49,5,49.3
96,5,3,2,2,7.25,2,31.8
55,5,0,2,3,8.47,4,19.6
66,1,1,0,1,6.3,4,18.3
156,1,5,1,2,6.05,5,37.6
149,3,4,2,2,5.13,2,37.6
130,3,0,2,6,5.14,4,39
61,1,4,2,1,8.66,4,21.7
57,1,3,2,4,6.23,4,27.8
35,2,1,2,9,5.87,5,30.7
151,0,5,2,3,7.46,4,43.6
174,5,5,0,10,4.71,0,69
179,4,3,2,4,8.33,3,52.7
22,3,0,2,5,7.71,2,29.6
118,2,4,1,1,5.29,3,28.5
67,2,5,1,6,8.81,2,51.1
103,3,1,0,9,7.31,2,56.5
46,2,4,1,3,4.98,2,27.3
172,3,1,1,6,9.17,5,55.4
55,3,5,0,8,8.9,3,45.3
115,4,4,1,4,7.42,0,48.2
141,4,0,2,8,5.93,0,63.3
125,1,3,2,6,8.32,2,54.2
28,4,5,1,6,7.27,0,41.5
130,4,3,2,10,5.09,0,63.1
101,4,3,1,4,7.51,3,37.6
26,0,1,2,6,8.52,4,34.5
170,4,1,0,10,6.09,3,67.7
91,4,3,2,9,7.16,5,42.2
136,0,3,0,2,9.4,4,43.5
176,0,5,0,5,9.34,4,63.3
28,4,4,1,9,7.65,4,39.5
112,1,0,1,1,7.36,5,24.5
19,3,3,0,3,6.56,1,24.1
171,3,0,2,1,8.03,4,35.9
98,5,4,2,7,6.07,1,46.3
151,2,5,0,5,7.55,1,63.4
86,4,3,1,5,8.36,5,31.7
140,2,4,0,9,9.17,5,59.6
46,4,0,2,7,8.98,3,40.8
52,2,2,0,2,6.23,3,22.9
137,1,1,2,5,9.17,5,46.9
42,4,0,2,4,5.71,5,14.9
72,5,1,1,2,6.57,5,15.1
50,0,5,1,7,7.76,3,46.5
66,2,3,0,1,9.04,0,39.6
74,4,0,2,1,9.07,1,31.5
60,0,4,0,3,9.18,2,43.4
17,2,5,2,2,9.14,2,25.6
179,4,5,0,3,8.76,3,51.1
43,2,1,2,8,7.74,5,33.4
101,2,5,2,4,5.38,5,29.7
124,4,3,1,7,7.85,1,62.2
137,2,1,1,5,6.42,3,49.5
99,2,5,2,10,4.56,5,43
75,0,0,1,8,6.03,3,48.6
94,5,2,2,5,6.34,1,39
49,3,1,0,10,6.37,5,38.7
135,4,0,1,4,7.9,4,43.1
35,4,4,2,6,4.89,4,17.5
155,4,1,2,9,5.25,2,61.1
128,0,0,1,10,6.94,4,62.1
29,3,1,2,7,6.78,0,43.2
93,5,2,0,5,8.58,5,32.1
33,0,4,0,2,7.21,0,37.1
32,3,2,0,7,5.4,1,39.1
180,3,3,0,8,8.85,3,68.2
153,1,0,0,2,5.39,4,33.8
47,5,1,1,1,9.39,3,23.5
154,3,5,0,4,5.74,2,45.7
63,5,2,1,7,7.57,0,48.9
32,0,5,1,8,7.49,5,41.1
77,5,2,0,8,5.67,1,47.9
29,1,5,0,4,8.58,5,26.4
162,4,0,0,4,6.01,1,52.8
148,1,4,0,5,4.8,4,44.8
59,5,0,0,9,6.98,2,47.6
112,4,3,2,7,6.54,2,47.2
152,3,1,1,5,8.79,1,64.5
29,4,4,0,9,7.15,3,37.6
67,2,0,1,8,8.74,0,61.1
63,0,3,0,10,7.51,0,64
165,5,0,2,4,6.9,2,45.6
18,1,1,2,2,8.23,3,24.1
169,5,1,0,4,7.26,2,49.8
151,5,3,0,5,6.3,3,43.6
135,2,1,0,6,6.57,4,48.9
52,0,3,2,10,7.4,3,50.9
65,2,1,0,10,8.67,3,56.6
101,2,4,2,8,6.8,5,44.9
58,1,0,2,8,5.42,4,38.6
30,4,2,1,1,8.32,3,16.3
176,1,2,2,3,4.55,4,39.7
30,4,0,2,10,9.06,5,38.8
16,4,5,0,1,4.58,5,0
88,0,5,2,7,8.53,1,58.3
39,4,1,1,4,7.6,2,32.6
83,3,2,0,7,6.79,1,53.5
72,2,0,1,1,4.97,3,17.6
136,0,0,1,3,4.91,3,40.2
99,4,2,2,1,5.65,5,16.8
136,2,2,1,5,9,4,52.9
60,2,2,1,10,5.22,5,42.1
34,2,1,2,4,7.33,3,27.8
153,2,4,2,3,8.45,5,42.4
143,5,3,1,2,6.69,0,44.4
172,4,4,0,1,7.67,3,40.7
106,4,4,0,3,7.9,5,28.2
173,2,1,2,2,4.91,1,44.9
177,1,0,0,6,6.3,0,65.1
93,3,3,0,2,5.16,1,30.4
157,4,5,0,2,4.63,2,37.5
167,4,3,0,1,5.96,3,36.2
158,1,5,2,3,7.93,1,55
92,2,4,1,2,5.34,2,30.2
138,0,3,0,4,8.1,3,51.9
65,3,2,1,5,4.53,3,27.6
173,3,3,0,6,6.65,5,51
49,2,3,2,4,6.9,1,37.5
96,2,0,2,8,9.34,1,61.3
86,3,3,1,10,5.5,4,44.7
155,0,0,0,4,6.69,2,55.4
32,3,0,0,3,7.67,1,28.1
54,5,4,0,2,6.75,4,14.9
117,4,5,2,7,7.22,2,53.5
152,4,0,1,2,8.34,5,36.2
57,5,5,1,10,9.42,5,48
99,3,2,1,2,5.79,4,26.6
157,4,0,2,4,6.73,3,42.8
165,5,5,1,6,9.49,3,58.6
121,0,2,2,3,6.24,2,43.1
67,4,4,0,8,4.99,5,30.9
96,0,3,1,2,4.61,2,33
57,5,1,2,3,7.26,2,26.5
133,1,4,2,3,5.43,5,30.2
22,5,5,1,8,7.46,3,33
69,1,3,2,2,7.39,4,22.5
98,1,4,1,5,7.85,3,46.7
178,2,5,0,10,6.46,0,81
132,4,1,2,5,9.09,4,43.3
49,2,2,1,5,5.08,2,33.5
145,3,4,2,3,7.37,3,40.2
177,4,0,2,3,7.27,3,43.6
62,2,4,2,1,8.83,0,36.8
64,3,5,2,8,6.55,3,41.7
128,3,1,1,10,4.65,1,61.5
85,1,5,0,3,8.4,4,37.3
141,4,5,1,10,5.07,4,57.1
108,4,2,2,8,7.23,3,47.5
78,2,2,0,5,6.24,0,46.4
45,1,1,2,10,7.95,5,44.9
124,1,5,1,4,8.57,0,61.9
151,2,5,2,3,6.12,5,34
161,2,5,2,2,5.18,3,40.7
85,5,1,2,3,5.75,5,15.4
78,5,4,0,3,7.39,2,32.1
111,3,2,2,2,6.51,5,22.5
109,3,4,0,10,4.51,5,41.5
132,5,0,2,6,8.75,4,44.8
124,1,4,0,6,8.64,2,59.4
48,4,4,0,1,4.73,5,4.9
132,0,2,1,8,6.78,3,59.6
48,5,3,1,5,4.97,2,24.6
110,5,0,1,1,6.48,2,29.5
74,3,0,1,2,4.51,3,16.5
166,1,5,2,8,4.55,5,50.2
45,3,0,1,8,4.85,3,31.5
41,0,3,0,5,5.19,1,36.8
51,0,5,2,1,7.55,1,31.7
69,5,0,1,7,7.58,3,41.7
37,0,1,1,10,8.15,2,60.3
95,1,1,0,2,5.74,4,26.6
170,2,0,1,5,5.53,4,46.9
115,2,0,1,4,6.97,0,50.3
178,4,2,2,1,9.43,2,47.5
160,3,3,2,3,8.31,0,54.5
32,0,3,1,1,9.11,3,26.5
175,5,5,0,7,8.01,0,72.2
152,4,1,0,2,6.05,4,34.8
54,4,3,0,10,7.67,5,41.9
31,2,0,0,4,4.79,0,32.1
44,3,5,2,1,6.05,5,8.7
59,0,2,2,3,8.01,1,40.6
103,4,5,2,5,5.33,1,43.1
83,5,2,1,6,8.54,2,46.7
82,5,5,2,2,6.98,4,19.9
142,4,1,0,3,5.78,0,49.3
44,1,0,2,1,4.72,0,21.2
135,2,4,1,3,9.16,0,59.7
122,1,3,1,7,9.08,2,62.3
34,4,3,1,9,7.87,0,51.1
147,0,4,1,8,8.83,2,71.7
156,3,2,0,4,5.96,2,49.7
77,3,3,2,8,9.49,1,59.6
154,1,1,1,7,4.62,4,49.5
17,2,2,2,7,8.75,5,29.6
67,4,1,0,8,9.31,1,57.1
38,0,1,2,7,8,2,45.4
36,4,2,2,3,7.69,3,19.7
160,0,4,2,3,5.68,2,50.4
115,5,0,0,6,6.76,1,45.8
66,1,5,1,3,5.03,3,27.3
119,0,5,0,4,6.76,3,44.2
45,0,1,2,5,8.63,5,32.4
70,2,1,1,4,9.34,3,40.9
91,2,1,1,7,8.77,4,50.6
78,0,4,1,3,5.11,0,42.9
71,1,1,0,6,7.93,5,34.6
165,2,2,1,2,5.49,5,33.9
47,0,3,1,1,9.21,0,38
161,3,0,0,8,4.65,5,45.9
105,1,1,0,5,6.73,1,47.9
173,4,1,2,5,6.99,4,47.2
37,2,4,1,7,5.5,4,28.8
154,0,4,2,6,6.9,3,55.8
159,4,3,0,5,5.4,2,48.4
22,2,2,0,9,6.29,4,38.7
55,0,1,2,4,5.83,5,19.9
71,4,4,0,3,5.38,4,18
106,4,2,2,6,9.24,4,43.1
63,3,5,0,3,6.95,0,35.9
169,1,2,2,8,4.5,4,52.7
48,2,0,1,6,4.8,1,37.1
51,0,5,0,2,6.37,5,18.3
40,2,3,0,3,9.38,5,26.6
178,3,0,0,3,8.04,4,47.5
172,2,1,2,10,8.57,3,73.1
90,1,1,2,1,9.24,4,30
160,0,1,2,6,9.11,4,58.8
159,0,4,1,6,8.23,1,69.4
96,1,0,1,6,6.73,2,47
32,2,3,1,1,4.74,3,12.4
57,3,4,0,6,7.23,0,48.9
162,5,0,1,3,6.76,0,50.5
96,2,2,1,6,5.35,3,39.2
34,4,2,0,10,9.43,3,51.4
125,5,1,2,7,5.29,0,51.7
63,3,0,2,9,5.83,2,43.4
39,0,4,2,9,8.7,1,55
15,3,2,0,10,6.9,0,48.9
58,5,3,1,8,8.72,2,49.7
135,3,0,0,2,7.71,3,36.1
112,2,1,0,1,5.82,3,26.5
83,4,2,1,2,4.93,2,27.1
120,4,1,2,1,8.7,4,29.3
152,5,4,2,4,6.88,0,51.8
23,4,5,2,10,7.89,4,37.7
129,1,1,1,4,5.13,3,38.8
126,1,0,1,10,5.79,5,56.3
32,0,4,2,7,7.26,2,42.6
18,5,5,2,9,8.41,0,49.1
52,4,5,2,2,9.12,4,24.6
88,4,3,0,5,6.42,3,34.8
136,0,1,0,7,5.22,4,50.6
117,0,4,0,4,4.75,3,41.2
110,0,3,0,5,5.9,3,45.5
40,1,1,0,8,8.37,2,48.3
121,4,0,1,4,6.71,3,39.9
147,2,2,2,3,4.83,5,30.4
49,4,5,1,3,5.46,1,29.8
78,0,4,1,6,8.02,2,50.9
133,4,4,2,2,7.91,1,42.8
167,3,1,0,10,7.26,2,70.6
81,5,0,1,5,4.64,0,35.5
161,1,1,2,4,7.89,2,57.2
146,0,0,1,8,9.06,5,59.8
17,1,3,2,5,8.06,5,23.9
123,3,3,0,5,5.59,2,44.6
174,3,5,1,1,7.06,5,38.8
110,4,0,2,10,5.91,5,42.1
31,2,3,2,6,8.81,2,40.7
91,1,1,2,4,9,4,39.2
96,5,1,2,1,7.78,2,26.8
122,3,4,2,1,7.42,4,30
102,5,0,1,9,7.69,3,54.6
106,4,3,1,9,5.41,0,59
81,5,5,1,6,7.77,1,47.2
93,3,3,0,5,7.43,3,41.9
135,0,0,2,10,9.22,0,81.9
64,4,2,2,7,7.15,3,35.9
53,1,1,0,7,9.44,3,46.1
61,0,4,0,3,6.07,0,36.6
85,1,1,2,3,6.95,0,41.5
126,5,4,0,7,9.33,3,51.7
151,1,0,0,1,8.96,4,39
16,5,0,1,4,7.97,2,23.9
41,3,5,2,5,5.34,0,34.3
89,3,0,2,10,7.12,3,55
49,2,4,0,4,5.32,3,21.9
72,5,1,1,1,7.45,1,26.3
24,3,0,0,9,7.62,4,39.6
42,5,2,1,2,6.58,3,15.1
79,3,0,1,4,7.98,5,26.1
122,5,2,2,9,5.85,4,47.8
122,0,5,2,10,5.09,0,71.9
142,1,5,1,5,8.66,1,63.9
119,2,1,1,9,6.98,1,67.2
138,2,1,1,1,7.86,0,51.9
141,1,2,2,2,8.12,0,56.8
179,1,4,0,5,6.82,0,69.6
25,2,3,2,6,6.63,0,37.1
26,0,1,2,3,6.14,3,24.7
83,5,2,0,6,5.41,3,32.7
131,2,4,2,8,8.5,5,55.6
57,0,1,2,1,9.41,1,34.9
166,3,5,2,8,5.41,3,59
171,0,0,2,3,6.92,3,46.9
120,3,2,1,5,7.77,0,59.3
149,5,5,2,10,5.62,5,53.3
147,4,0,2,10,4.98,5,49.9
138,2,0,2,7,5.24,4,47.1
171,0,2,2,3,7.03,3,53.2
57,0,4,0,4,6.15,2,32.6
72,4,0,0,7,8.59,0,53.8
161,3,2,0,8,6.08,3,60.3
19,0,4,0,1,7.29,0,31
169,4,0,0,9,7.31,5,57.8
102,2,2,1,8,6.16,4,48.1
108,5,4,1,2,8.3,1,37.6
105,5,3,2,9,6.37,0,55.3
57,3,1,2,7,5.03,4,27.1
45,3,1,0,4,8.08,0,42.3
26,5,0,2,2,8.36,3,15.7
165,4,1,0,1,7.15,0,48.8
125,4,4,2,3,7.96,1,46.9
47,0,4,2,10,7.53,2,55.6
113,3,5,2,4,5.87,2,42.6
130,1,1,0,10,8,5,60.8
155,2,0,2,9,7.66,1,69.7
89,5,3,2,3,9.41,5,29.8
60,4,5,2,6,8.05,2,41.5
164,4,0,2,7,7.87,4,52.3
123,0,5,1,1,6.4,0,48.3
66,2,1,0,5,5.23,0,42.5
90,1,5,1,6,8.57,0,62.5
158,1,0,2,9,6.44,4,61.4
88,5,0,1,7,6.44,5,31.6
156,0,2,2,5,5.52,3,52.5
177,5,0,2,6,8.28,4,53.7
65,5,1,0,8,5.39,5,26.3
59,5,5,1,7,4.7,2,35.5
48,1,5,0,1,6.15,5,15.6
25,1,3,2,1,8.37,5,13.2
92,3,5,2,6,4.86,5,28
71,1,5,1,9,5.3,4,45
38,2,1,1,6,6.16,2,34.4
173,4,4,2,1,5.07,2,35.8
179,4,5,1,1,7.91,2,47.5
44,3,3,2,5,4.62,4,20.5
110,4,5,0,8,4.72,5,35.9
146,0,2,1,9,7.17,5,58.5
176,1,0,0,2,5.53,5,37.7
126,5,2,2,3,4.62,5,20.2
37,0,2,1,5,7.29,4,34.5
81,3,4,0,7,6.67,0,52.2
45,4,2,2,10,4.82,5,31.7
33,2,5,1,5,8.43,2,40
87,3,4,0,1,6.87,4,19.6
115,4,3,2,3,5.99,5,24.6
17,4,5,1,2,4.71,4,6.8
152,4,2,0,4,8.24,5,40.9
120,5,5,1,3,5.42,4,30.4
64,0,1,2,10,8.76,4,54.8
155,0,3,2,2,5.75,1,48.8
139,2,3,1,4,5,4,34.5
64,2,4,0,6,7.58,2,44.9
54,4,5,0,6,9.29,1,45.1
78,1,0,2,7,5.88,2,42.1
99,3,4,0,6,8.37,3,47.5
59,5,5,1,5,8.79,1,46.1
65,2,0,2,2,8.14,0,39.8
176,0,5,2,7,8.35,1,78.4
156,2,5,2,8,7.77,1,69.9
72,4,0,0,3,6.82,4,19.8
108,4,2,2,4,8.74,4,38.9
146,1,4,1,3,7.33,4,44.8
52,5,0,0,6,4.7,3,22.6
82,2,1,1,4,7.09,2,39.5
131,0,2,2,6,5.02,4,45.1
85,5,3,2,9,7.35,3,47.6
108,4,0,1,9,5.76,1,56.6
105,2,4,0,10,4.53,1,58.5
73,0,5,2,5,5.56,1,41.2
169,5,2,2,4,6.57,2,49.4
138,5,4,0,4,7.45,5,37
20,1,2,1,10,7.46,1,55.7
25,4,1,1,3,5.79,1,23.5
118,4,5,2,1,8.89,5,28.4
87,0,1,0,10,9.46,3,63.7
120,4,1,2,3,7.62,4,31.7
102,3,5,2,2,5.65,3,25.1
19,1,5,2,7,8.63,4,34
136,4,5,1,9,7.02,0,68.1
48,4,5,1,7,7.11,2,43.8
150,3,1,0,7,6.25,5,49
162,0,4,1,5,6.89,1,66.4
36,2,5,2,7,5.79,0,45.1
16,4,5,1,9,4.54,5,22.7
95,3,3,1,3,6.63,4,27.5
152,3,5,0,10,5.88,5,55.9
67,3,5,2,8,5.39,4,36.3
79,2,5,0,7,8.18,5,39.5
73,3,0,1,2,5.57,3,23.6
155,4,0,2,1,5.3,5,19.1
38,1,4,2,7,4.94,2,33.8
35,4,2,2,7,9.15,3,39.6
148,2,0,2,1,9.23,1,49.8
127,0,1,2,9,5.93,0,71
145,4,0,1,10,5.35,0,67.8
15,1,2,0,7,6.27,3,32.5
66,4,2,2,2,9.1,4,23.6
158,4,3,0,5,5.63,1,51.5
118,4,2,0,3,6.54,0,45.6
143,2,3,1,9,9.28,4,67.7
162,2,0,0,7,7.32,1,67.9
132,5,4,2,1,6.91,2,29.7
177,1,0,2,4,8.5,3,59.1
147,4,2,2,5,5.74,0,53
102,0,5,1,8,6.07,1,63.8
83,1,0,2,4,6.99,1,40.6
76,2,1,1,4,8.67,4,35.7
42,0,2,2,8,7.57,4,44.6
138,2,5,0,8,8.99,4,63.6
140,1,5,0,7,5.61,4,48.5
149,3,4,2,1,7.01,3,37.5
59,3,2,2,9,6.8,5,34.7
68,3,5,1,6,6.31,2,39.4
82,1,3,0,10,6.22,1,60.6
68,3,0,0,6,8.77,2,44.9
161,1,5,2,4,8.57,5,47.3
75,4,4,0,4,5.23,5,16.9
17,1,4,0,3,9.48,5,22.2
95,3,3,0,9,8.79,0,66.6
56,0,1,0,8,8.69,0,61.7
100,2,3,0,9,7.29,2,57.6
120,0,3,2,10,5.49,4,56.4
152,1,3,0,6,7.87,3,59.6
129,0,4,2,5,6.82,1,58
178,2,4,2,10,7.36,0,79.9
102,1,3,0,5,8.05,4,43.7
84,3,3,2,10,7.1,3,51.7
62,0,1,2,4,7.81,5,30.5
35,1,1,0,2,4.98,3,16.8
21,3,5,1,2,5.81,1,19.7
114,2,1,1,5,6.72,1,49.4
58,0,2,2,6,8.8,2,51
134,4,3,2,8,5.18,5,41.1
166,4,4,2,10,6.67,5,58.5
94,2,4,2,4,8.52,3,39.7
120,2,1,0,1,4.5,1,31.8
135,4,2,2,8,9.23,3,59.1
125,2,5,1,1,7.24,1,42.7
158,3,4,1,3,8.07,5,40.7
111,1,3,1,7,7.63,4,52.2
171,5,0,0,5,7.74,4,49.3
120,1,2,1,3,5.95,5,32
130,2,0,2,8,5.44,0,58.9
151,0,1,1,5,5.85,5,44.7
17,1,2,1,1,6.97,2,20.2
142,2,4,2,1,6.15,1,37.6
115,0,5,0,3,5.46,2,43.5
18,0,0,1,7,8.36,3,39
23,1,4,2,2,7.11,1,26.2
94,2,1,2,1,8.22,4,27.1
79,3,0,0,4,6.3,0,43
70,0,1,2,7,6.12,1,51.4
164,0,4,1,1,9.34,4,49.6
136,5,5,1,6,8.35,1,57.5
38,5,5,0,1,4.8,5,0
152,0,1,0,4,6.08,4,46.9
103,3,0,1,1,7.95,2,35.5
79,0,4,2,8,7.3,4,48.4
63,4,1,2,6,6.12,3,30.4
168,4,1,1,9,5.28,2,65.3
153,2,4,1,9,6.4,1,72.9
173,2,5,1,6,8.11,5,59.2
114,1,5,2,8,8.33,1,67
97,3,0,0,2,4.98,5,13.9
48,1,2,1,2,6.93,0,33.5
179,3,0,0,9,7.62,4,63.1
108,1,5,2,2,4.57,1,36.5
35,3,0,1,6,7.29,3,34.5
29,4,3,2,1,8.17,2,15.9
70,4,2,1,4,7.16,1,37.2
78,4,0,1,9,8.25,3,52.5
178,4,3,2,8,8.01,3,66
57,1,5,0,9,6.19,1,54.5
168,3,3,0,9,9.46,2,77.3
120,5,4,2,6,7.54,4,41.2
111,4,0,0,6,9.31,3,52.1
15,5,2,0,10,4.58,1,41.5
92,0,3,1,4,8.78,0,58.1
85,4,5,2,10,9.13,1,62.5
132,2,1,1,5,6.34,4,41.8
80,2,2,2,7,7.35,1,53.6
98,3,1,0,10,8.6,0,71.5
91,0,0,2,7,4.89,0,55
100,2,4,0,2,8.85,1,46
169,0,0,2,7,4.77,4,49.4
153,4,1,0,9,7.99,1,68.1
115,3,5,2,9,4.95,3,48.8
115,1,1,0,2,6.88,5,26.6
117,2,2,0,9,6.67,5,48.1
49,3,5,1,8,6.48,4,35.9
172,5,5,1,4,4.86,3,41.8
162,0,2,2,7,6.62,2,62.7
103,4,0,1,5,5.35,2,38.8
128,4,1,0,1,9.12,1,42.1
110,1,0,1,2,8.2,1,48.8
52,2,2,0,2,6.03,3,18.6
68,5,5,1,4,7.23,2,34.6
174,5,1,2,1,6.38,5,28
80,1,2,0,4,8.45,4,36.4
134,5,2,1,7,7.8,5,48.5
107,0,2,0,7,5.66,3,49.6
40,2,4,2,9,4.94,1,44.1
132,4,0,1,1,5.74,4,23.5
140,3,0,1,1,6.23,2,35.2
92,1,5,0,1,7.63,3,34.4
22,4,3,1,3,6.21,3,17.5
37,5,4,2,10,8.86,5,37.3
76,4,1,0,5,9.05,2,43.3
48,1,0,1,10,7.21,1,59.9
94,5,0,2,3,6.65,1,34.6
159,1,3,1,9,7.16,5,58.6
96,1,0,1,6,8.9,3,54.1
92,3,0,2,5,5.26,1,36.6
62,0,5,2,5,7.53,4,34.6
74,1,0,1,6,4.9,3,33.9
169,3,0,2,6,5.42,3,49.4
50,1,1,1,1,6.54,0,34.5
120,1,0,2,4,8.29,0,54.1
127,4,4,2,6,8.83,1,57.4
25,4,0,0,6,6.47,5,19.3
152,4,0,2,1,7.1,3,33.3
25,1,5,2,7,9.42,0,54
147,5,2,1,5,6.7,2,51.4
88,3,1,0,5,7.57,0,51.4
51,3,0,0,2,8.11,0,32.6
164,5,5,1,7,6.57,3,53
131,4,0,1,8,4.95,2,52.8
56,5,0,1,2,5.07,3,15
36,4,0,0,9,7.56,1,46.8
112,0,1,0,10,8.86,1,73.4
52,1,0,1,7,6.04,5,33.2
129,2,0,1,2,8.99,1,47.1
79,0,4,0,8,7.22,0,62.7
141,1,1,2,8,6.77,3,56.3
168,0,1,2,5,7.6,4,56.4
68,0,1,1,1,7.77,0,38.1
23,5,5,2,5,6.16,0,28.7
121,1,1,2,5,7.56,5,42
161,4,1,0,10,6.3,0,71.8
91,2,3,0,2,8.29,4,27.7
135,1,2,2,5,6.15,3,47.1
68,4,2,1,10,8.15,5,46.8
37,3,0,2,10,9.17,5,40.8
170,2,3,2,10,9.48,2,82
172,4,4,2,8,6.96,1,69.4
74,5,3,1,1,5.09,3,15.5
45,5,1,2,7,6.57,2,34
178,1,2,2,4,7.95,2,61.7
93,2,5,2,6,8.34,0,59.2
102,3,0,2,10,9.3,1,66.3
101,5,4,0,1,7.73,3,24.5
132,4,3,0,7,9.14,0,68.9
91,4,0,2,6,7.28,0,47.8
99,2,2,1,5,8.7,2,54.4
175,4,1,2,10,6.45,4,59.9
93,5,3,2,1,5.86,0,28.8
75,2,4,0,4,7.13,1,39.2
24,1,2,0,9,4.62,3,38.9
54,1,3,0,9,6.05,2,46.2
40,4,0,1,4,8.12,3,27.2
148,0,2,0,1,7.94,4,42.8
100,3,2,1,9,8.33,5,50.2
162,2,0,1,6,5.5,2,54.2
96,3,0,1,5,5.25,2,35.9
174,4,5,1,4,7.21,4,46.8
51,5,3,2,4,5.36,2,23.2
101,4,4,1,3,4.64,5,17.2
113,0,2,0,7,5.39,4,48.7
176,5,0,0,10,6.28,2,69.2
151,0,4,2,3,4.96,5,34
131,2,0,2,8,6.85,1,59.5
172,2,3,0,3,8,5,42.7
98,3,4,1,2,6.88,2,34.4
58,2,3,2,10,5.14,0,53.6
42,2,5,2,2,8.46,4,22.2
166,3,1,2,4,7.24,3,48
102,1,0,2,7,8.42,3,52.6
102,4,0,1,3,7.81,0,46.9
161,3,2,2,10,6.81,4,60.3
128,1,3,0,2,7.49,5,34.7
112,2,4,2,1,4.95,1,33.8
177,0,1,2,3,6.76,2,53.7
162,3,1,1,6,6,5,44.7
126,5,3,1,10,4.54,4,47.3
47,2,2,0,9,9.34,0,63.9
106,0,3,1,4,6.66,4,38.4
96,5,4,0,7,6.68,1,49.9
136,1,1,2,7,8.72,2,65.7
54,2,0,1,3,4.56,5,10.5
139,5,4,1,2,5.19,3,32.6
169,3,5,1,8,7.05,4,62.9
113,2,1,1,7,7.52,4,49.6
75,5,5,0,7,9.13,4,41.7
24,4,4,2,6,5.07,3,24.6
35,1,0,2,9,9.42,2,52.7
35,4,5,1,4,6.86,5,19.4
34,5,0,2,10,6.06,0,49.5
151,0,4,0,9,9.03,4,70.7
122,2,3,0,3,4.68,4,30.5
159,2,2,2,8,7.39,4,56.5
89,5,5,1,5,6.92,1,43.9
86,2,1,2,5,5.88,2,35.8
43,4,1,2,3,7.8,2,28.6
81,5,1,0,3,8.5,0,41
36,1,5,1,8,8.26,3,48.7
75,5,4,2,3,5.55,5,16.2
28,5,3,1,1,5.34,3,7
136,5,5,1,7,7.92,3,54.4
52,4,4,1,5,9.14,3,36.3
95,4,0,1,2,9.09,5,26.2
125,4,0,0,6,5.85,0,51.2
164,3,4,2,4,8.17,4,49
148,2,0,2,3,6.07,0,51.1
32,0,4,1,9,5.02,3,40.2
87,2,1,1,1,7.6,0,42.6
70,4,0,1,2,4.93,4,12.2
180,4,1,1,3,5.77,3,45.2
34,5,4,0,7,7.96,5,28.9
97,2,1,1,5,8.39,3,45.6
30,2,3,1,8,4.85,1,41
60,5,4,1,3,7.2,3,23.4
179,0,4,2,5,5.02,0,60.7
79,3,2,0,3,7.76,0,45.8
114,2,1,2,6,9.02,4,45.8
140,3,4,0,2,7.2,0,48.3
138,0,5,2,6,6.17,2,55.7
176,5,2,0,9,8.77,2,70
132,2,0,1,3,7.27,3,43
91,5,4,1,6,6.93,5,32.1
63,1,2,1,1,8.1,4,23.6
114,0,5,2,5,7,3,50.4
19,0,3,1,6,8.44,0,48.2
69,5,0,2,8,9.2,4,39.7
163,1,2,1,3,6.94,0,60.1
173,0,1,2,3,4.57,5,34.3
93,0,4,2,3,8.68,0,53.6
42,0,4,2,10,5.6,1,52.3
117,2,2,2,10,7.23,2,66.6
69,0,5,1,6,4.82,2,40
121,1,0,0,9,5.33,1,64
25,1,2,2,10,6.38,1,47.9
139,0,2,1,3,9.13,5,47.1
87,3,0,0,3,5.53,5,18.1
130,3,1,1,10,7.96,4,60
142,4,2,2,5,6.24,0,54.5
64,0,5,1,10,6.31,4,51.2
133,5,0,1,5,4.77,0,49.1
136,3,1,1,1,4.77,2,30.9
126,2,3,2,8,4.72,5,38.6
152,1,1,1,8,7.07,0,76.5
128,4,5,0,7,5.49,5,42.3
73,0,3,1,2,5.69,3,29.7
111,1,2,0,10,6.92,3,59.6
171,3,1,0,6,5.18,5,42.3
106,2,1,0,3,4.66,4,23.9
49,0,4,0,7,5.36,2,39.5
90,4,1,2,10,9.03,4,56.9
73,0,4,2,8,8.81,1,61.5
133,2,2,2,7,8.18,1,62.5
126,4,1,2,3,9.07,0,51.8
26,0,4,2,9,4.67,4,32.9
40,3,4,1,2,7.29,0,33.4
119,1,1,0,5,5.7,0,50.9
93,1,0,0,10,8.24,0,74.1
133,1,0,0,3,8.45,2,50.4
177,0,0,1,7,8.97,2,74.6
90,3,3,2,10,7.21,1,62.3
35,4,3,2,1,7.07,5,5.1
28,0,4,0,8,7.6,2,46.1
180,4,0,1,9,8.05,1,73.7
100,1,5,1,8,8.19,4,57.2
68,5,1,0,6,8.99,4,37.7
85,0,2,0,6,6.76,4,42.1
46,3,0,2,9,9,3,47.7
31,1,4,1,2,6.45,1,26.7
34,0,1,0,2,7.99,3,24.3
67,4,0,1,5,6.58,5,24.8
48,3,3,0,8,8.19,0,52.6
31,0,1,2,6,6.56,2,38.1
98,3,5,2,9,8.71,3,57.3
160,1,3,1,5,5.63,2,57.3
27,1,3,0,8,9.28,4,44.9
152,2,1,1,3,5.31,0,48.9
96,4,1,0,5,6.35,1,43.5
23,5,3,0,3,6.36,4,13.9
151,2,2,1,7,9.16,1,74.7
96,1,2,2,9,9.38,2,66.1
90,3,3,2,3,8.5,5,30.2
128,2,0,1,8,9,1,70.2
44,2,2,0,10,8.7,3,52.2
98,0,5,2,4,7.42,1,51.4
86,1,2,1,9,8.75,5,54.2
37,4,4,1,8,6.09,4,32
29,5,3,0,3,8.08,3,19.7
110,0,3,0,6,6.04,3,49.2
37,1,0,0,7,8.52,2,43.3
123,5,4,1,10,7.49,1,64.9
136,4,3,1,10,8.28,0,72.8
178,2,4,1,9,6.81,4,67.2
50,1,1,0,5,7.27,0,47.7
92,4,3,0,9,8.2,1,57.1
15,1,3,0,8,5.12,5,27.4
121,1,4,2,4,4.64,2,39.9
32,4,0,0,10,6.9,3,43.4
175,5,4,2,2,6.37,5,31.7
81,1,5,1,3,6.1,5,24
56,0,3,0,7,7.68,2,45.8
89,4,0,1,9,5.47,5,36.3
39,4,1,2,6,8.86,5,29.9
84,5,0,2,6,4.98,4,25.4
51,0,1,2,5,6.37,3,33
56,0,1,1,9,5.61,1,55.9
158,4,0,2,9,8.06,5,57.4
44,3,4,1,2,8.59,0,36.4
94,5,3,1,8,8.95,4,48.2
102,1,0,0,1,8.22,0,42.3
51,5,1,0,3,5.55,0,27.9
43,0,2,0,7,4.71,0,43
146,4,2,0,2,9.04,0,51.5
17,0,2,2,4,7.44,1,32.8
104,0,2,1,5,9.24,2,56.2
143,5,5,1,9,7.35,0,73
18,4,1,2,4,9.32,1,35.6
152,0,0,1,4,9.1,5,50
165,1,4,2,2,5.4,2,46.5
123,1,5,1,7,5.06,2,51.8
43,4,1,0,6,8.02,4,32.3
36,2,4,1,7,5.92,4,32.7
128,1,5,0,5,9.42,3,54.4
32,3,0,0,3,4.56,5,6.8
41,3,4,2,2,5.1,3,13.2
166,0,0,1,2,6.32,1,51.5
167,3,2,1,7,8.13,2,68.5
163,4,3,2,7,6.28,5,46.5
118,3,5,0,3,8.34,0,50.1
140,3,1,2,3,4.65,5,23.8
32,3,0,1,3,6.41,5,12
92,4,5,1,2,7.81,4,30
134,1,3,2,8,6.95,2,61.3
153,4,2,1,7,8.9,0,71.3
95,3,4,0,1,4.66,4,17.5
92,5,1,0,7,5.17,5,29.3
43,4,0,0,9,7.93,4,39.2
158,1,5,1,7,5.82,4,58.4
172,5,3,0,6,4.81,4,40.4
108,2,0,2,1,8.33,5,24.3
39,3,3,0,7,6.26,5,24.6
75,5,3,2,2,9.05,0,40
44,2,1,1,9,6.13,3,44.1
123,4,5,0,5,4.6,3,37.6
96,3,5,0,6,7.36,3,42.4
67,2,4,2,6,5.33,2,36.2
126,1,4,2,2,8.7,4,37.1
82,0,3,2,7,8.52,4,49
38,5,5,1,10,6.18,0,52.5
150,3,4,1,6,8.48,5,52.6
144,2,4,2,9,6.07,3,58.4
174,4,4,2,9,5.4,0,70.6
147,1,5,0,4,7.8,5,47.6
83,5,5,2,7,9.17,5,40.3
148,1,3,0,3,5.7,5,35.7
91,3,4,0,2,7.67,3,29.6
88,5,1,0,10,5.68,1,51.9
64,0,1,0,8,6.93,3,47.6
24,1,1,0,3,4.65,2,21.3
60,5,2,2,8,8.41,0,55.6
36,2,5,0,2,9,3,29.8
38,3,0,1,4,5.06,5,13.5
45,4,0,2,9,5.76,0,45.1
46,2,3,2,7,8.53,5,32.8
123,1,1,1,3,5.57,2,41.4
80,4,2,0,9,6.37,0,56
123,3,0,1,5,8.9,1,55.9
109,2,2,2,10,4.67,5,46.5
28,5,0,1,5,7.26,2,29.2
107,5,2,2,4,8.79,3,36.7
115,2,3,1,4,5.99,1,48.6
176,2,0,0,1,5.87,0,51.1
140,3,0,0,6,8.09,0,65.2
81,4,2,0,7,7.51,4,41.5
131,5,2,1,3,7.65,5,30.4
117,1,0,0,6,7.38,0,58.3
147,5,0,1,10,7.93,2,67.4
49,2,1,2,10,8.63,2,54
121,2,1,0,7,9.22,4,53.1
20,4,0,2,4,9.03,3,23
58,0,4,2,7,7.5,1,48.9
109,1,5,1,1,8.09,3,39
131,5,4,1,4,8.07,1,53.2
83,2,0,0,7,5.15,1,46.7
87,5,0,1,7,5.4,1,40.9
82,1,5,0,4,6.35,5,30.1
36,0,4,1,6,9.37,3,45.5
113,5,4,2,10,5.78,0,61.9
28,2,1,0,6,9.48,5,34.9
168,5,0,1,1,5.77,4,28.9
116,5,3,1,9,4.71,1,52.4
143,3,3,0,3,4.95,5,28.6
51,2,2,0,1,9.39,3,29.7
86,5,3,0,5,9.01,2,43.9
82,4,3,0,3,6.08,3,27.6
53,4,0,2,8,4.77,1,35.9
61,0,4,0,3,8.03,3,32.3
141,0,4,0,9,6.93,3,62.8
52,0,3,1,4,8.84,1,47.9
145,2,5,2,10,5.56,0,72.6
161,1,4,1,4,8.34,5,46.6
99,0,3,2,2,6.47,4,31.4
42,2,1,1,2,6.8,5,16.3
131,5,3,2,1,6.15,0,37.4
130,2,0,2,10,5.15,0,68.4
87,2,2,2,2,7.24,4,25.9
117,2,1,1,7,4.95,1,51.6
118,2,0,2,3,5.1,3,33.2
94,5,5,1,6,7.83,2,47.1
140,3,4,0,5,7.32,3,45.9
123,2,5,1,7,7.65,0,64
102,3,0,1,3,9.15,4,37.6
149,0,3,0,7,4.9,3,52.7
47,5,3,1,9,6.64,4,33.6
34,0,5,1,9,6.62,0,57.2
160,2,3,0,10,4.91,4,55.9
133,1,1,0,1,4.92,5,22.6
165,5,4,2,8,7.62,2,61.7
62,1,1,1,10,5.8,5,40.9
151,0,2,0,2,4.57,5,31.2
118,5,0,2,8,6.01,4,40.8
116,2,2,1,3,4.57,0,45.5
63,0,1,0,3,7.75,3,36.2
152,1,2,0,8,5.24,3,55.2
57,1,0,2,8,9.32,3,47
130,4,1,1,5,7.35,3,43.4
17,0,0,2,7,9.4,3,42.7
167,5,5,0,1,6.94,3,37.3
171,5,4,1,1,7.14,3,38.9
156,0,3,2,7,8.95,0,76
180,2,4,2,7,4.6,2,59.8
135,2,4,1,9,5.6,5,50.1
169,5,0,0,3,8.92,5,41.8
121,5,0,2,6,8.48,1,54
87,5,0,1,8,5.15,1,44.1
140,0,4,0,5,5.67,4,42.4
19,2,3,0,3,5.37,4,9.5
31,2,4,1,10,5.63,4,37.5
81,2,3,1,9,5.84,1,57.7
146,4,0,1,1,9.13,3,41.9
43,0,5,2,2,8.62,0,40.3
57,5,2,1,6,5.29,2,34
144,3,0,1,3,7.74,2,49.3
46,1,4,0,1,5.73,3,16.5
144,1,2,0,6,8.08,3,57.3
77,1,5,0,4,5.19,3,31.6
119,3,5,2,6,9.22,3,51
17,5,5,1,2,6.19,3,15.2
57,3,2,0,1,7.8,5,13.4
162,0,0,2,9,9.36,3,73.1
156,2,0,2,6,9.05,0,71.4
150,4,1,2,7,6.73,1,61.7
174,4,0,0,6,8.94,5,52.1
65,2,2,1,9,6.17,5,41.9
47,4,5,0,4,4.96,4,16.6
102,5,1,1,1,8.95,4,28.2
76,2,0,0,9,5.05,0,56.5
81,5,5,0,2,4.74,5,14.4
129,2,5,2,1,6.77,1,42.5
163,4,0,2,9,8.72,1,71.8
87,5,0,2,3,8.07,4,27.3
41,2,5,2,4,8.61,2,35.8
52,5,4,0,2,4.96,3,15.5
136,1,4,1,6,7.88,3,57.2
147,3,3,2,8,7.68,3,59.9
140,5,4,1,3,7.03,3,40.3
48,5,5,2,2,7.97,3,20.7
55,4,3,1,10,8.76,0,60.3
161,2,2,2,3,5.09,2,47.1
92,2,4,1,3,5.21,4,26.1
93,2,1,1,8,4.51,4,39.9
26,3,4,2,5,7.33,2,32.1
136,5,5,1,3,7.02,3,40.8
129,1,0,0,2,8.5,5,36.1
114,1,4,0,9,4.73,5,47.8
86,5,2,1,1,7.36,5,16.1
180,0,0,2,2,5.46,4,40.3
28,4,5,1,8,7.01,0,45.6
151,1,2,0,4,5.73,5,41.5
163,3,2,2,10,6.1,4,58.4
20,2,4,1,7,4.62,4,23.6
80,0,2,1,9,5.34,1,56.2
37,1,3,0,3,4.79,2,20.7
29,2,4,1,6,5.21,2,30.4
45,0,1,1,10,7.43,3,53.5
144,3,2,0,1,6.09,4,29.3
138,0,4,2,4,9.07,0,62.7
165,5,2,1,9,7.76,1,71.1
119,3,2,2,9,5.52,1,58.1
58,1,5,0,9,6.76,0,61.4
173,2,0,1,1,4.8,3,34.7
79,5,4,0,4,7.43,4,26.5
56,5,5,2,2,6,3,18
50,5,5,0,7,5.55,4,30.7
96,5,3,2,5,9.4,5,34.3
77,5,3,0,4,6.8,4,24.2
49,5,2,2,8,4.52,0,41.6
120,4,0,2,8,8.31,4,47.6
34,4,2,2,8,7.86,2,44.7
111,4,3,0,3,8.7,5,34.4
46,3,3,1,8,4.55,5,23.9
86,5,0,0,4,4.95,4,21.9
71,1,4,0,1,5.9,5,16.6
68,0,1,2,7,5.05,2,43.2
141,1,5,1,10,7.86,4,68.2
31,4,1,2,2,5.14,4,9.1
148,5,3,1,1,9.46,5,34.4
172,2,0,2,8,4.51,3,56.3
28,2,4,0,5,5.11,4,19.9
107,4,2,2,4,4.73,3,30.1
95,0,4,1,6,4.91,4,40.9
72,5,4,1,4,5.48,2,28
175,5,2,1,8,6.66,0,71.8
175,2,3,1,2,6.87,2,51.4
100,4,1,1,10,7.6,0,68.6
163,0,2,1,1,6.39,5,33.8
47,0,4,1,5,7.55,3,35.5
29,4,2,0,7,6.51,4,29.5
74,4,0,2,1,6.77,3,20.3
173,4,2,0,1,6.77,2,42.9
42,0,2,2,2,7.46,1,35.3
47,5,5,0,6,6.61,5,24.4
62,1,1,1,1,5.14,4,15.8
106,2,5,2,3,5.24,2,35.8
89,2,2,2,10,7.79,1,62
144,4,2,0,6,5.48,1,53.9
66,0,3,1,8,7.97,3,52.4
99,4,5,0,10,6,2,54.2
131,0,4,1,1,7.69,5,32.2
174,1,1,0,6,8.54,3,62.6
62,0,3,1,2,6.29,4,21.4
89,3,1,2,10,9.06,2,59.9
22,1,1,0,3,5.59,2,23.9
101,4,1,1,4,4.61,2,36
20,5,1,0,2,6.19,1,16.7
76,2,3,2,3,9.21,4,34.7
31,0,1,1,4,5.46,3,27.3
96,4,4,2,4,9.11,4,36.7
152,2,1,0,4,4.77,2,47.6
145,4,4,1,2,8.42,5,35.9
57,4,4,2,9,6.37,4,37.3
97,5,3,2,8,8.08,3,47.5
163,3,0,2,1,5.54,1,39.5
75,3,1,0,7,8.94,4,42.1
110,2,5,1,3,8.26,2,46
105,1,5,1,8,7.06,2,59.2
134,3,4,0,8,6.09,3,50.6
128,1,3,2,2,6.3,0,44.7
143,4,5,2,2,8.43,1,45.4
33,2,2,2,4,6.17,5,15.8
92,5,0,0,4,8.03,1,44.3
154,2,2,0,5,8.61,3,59.3
163,5,2,0,9,9.45,1,77.8
73,1,0,2,4,6.87,4,30.1
156,3,0,0,6,8.46,2,62.2
124,5,4,1,8,6.75,4,45
50,4,1,0,1,7,5,11.9
101,1,4,0,7,8.31,5,47
98,4,2,2,1,9.11,1,40.8
99,4,0,2,10,7.37,3,56.4
67,3,2,2,7,5.44,0,45.4
130,5,3,1,3,5.02,4,25.6
169,3,2,1,4,4.85,3,43.7
74,2,0,2,2,6.77,2,28.6
58,2,4,0,3,9.45,1,42
137,5,2,0,4,5.15,1,41.7
136,1,5,2,5,7.44,4,49
132,2,1,1,3,6.73,3,42.1
78,4,3,2,8,6.8,4,36
38,2,0,0,6,8,5,30.5
115,4,1,0,4,5.4,4,31.6
132,3,0,1,10,4.98,5,52.1
76,1,3,2,9,5.96,0,59.3
70,3,4,2,2,9.48,0,43.3
144,2,4,0,3,5.76,4,33.7
21,0,0,2,8,6.41,5,29.2
64,3,2,1,5,5.07,1,35.9
133,3,4,1,2,7.24,1,46.6
127,1,4,0,3,5.35,0,48.5
60,2,2,2,7,5.34,5,30.5
84,1,4,0,3,5.58,0,43.1
151,1,4,2,1,8.68,4,40.9
41,3,0,0,8,4.76,0,39.8
111,1,1,0,4,5.5,0,48.1
18,2,1,2,2,5.6,0,24.9
57,5,1,1,7,7.06,2,39.4
175,1,5,1,9,6.48,3,68.1
69,0,3,0,3,4.57,5,17.7
114,1,4,1,2,7.79,2,44
109,0,2,1,7,6.01,4,48.3
41,5,5,2,3,5.76,0,27.7
176,5,4,2,3,6.16,5,35.6
96,5,4,1,6,4.59,4,30
145,5,0,1,9,7.44,0,68.1
172,0,3,1,7,8.29,4,62.5
50,2,4,0,4,5.26,1,32.7
75,5,5,0,6,5.17,2,36
25,4,4,2,5,8.25,1,36.8
99,2,1,1,9,4.77,5,45.2
71,4,4,2,6,5.42,5,21.3
140,0,1,1,3,9.19,1,57.6
166,4,1,1,9,4.89,5,51.3
57,5,1,1,7,5.38,1,38
162,3,0,1,5,8.81,3,54
107,3,4,1,8,6.71,4,48.5
125,1,4,1,7,6.64,0,66.4
91,4,5,1,9,8.13,2,57.8
93,3,3,0,9,7.53,0,62.3
135,1,1,1,1,4.56,4,29.1
110,3,4,0,7,9.35,2,57.9
93,5,5,1,7,8.92,0,59.4
159,1,1,0,5,8.36,5,50
140,5,0,0,1,7.75,3,34
77,3,2,0,1,7.99,5,17.5
169,3,0,1,5,5.74,4,48.4
56,0,2,1,7,6.49,4,43
35,4,1,0,3,8.65,2,29.9
143,4,0,0,10,6.04,3,60.3
37,0,0,2,6,8.57,2,44.3
116,5,3,1,3,8.58,0,46.6
121,4,4,2,5,8.17,1,49.8
62,5,1,1,8,5.41,0,46.6
69,1,1,1,3,8.55,1,42.4
119,3,0,2,2,8.84,1,41.8
36,3,2,0,2,6.21,4,12.4
139,5,2,1,1,5.83,0,41
25,0,1,2,1,6.38,4,15.5
83,3,4,0,10,6.65,2,56.9
102,2,1,0,7,6.39,0,60.3
99,0,2,0,7,8.13,1,59.1
46,4,3,2,4,6.34,4,20
136,4,4,2,4,4.52,5,29.8
97,0,0,0,1,9.35,5,29.3
128,1,5,0,7,8.2,0,68.9
136,5,0,1,7,5.97,1,55.4
148,4,0,2,1,5.14,0,36.6
155,3,1,0,2,6.91,4,35.3
69,1,0,2,2,5.03,5,11
98,3,3,1,5,7.83,5,33.5
49,4,0,2,8,4.95,5,23.4
72,4,5,1,6,6.39,5,31.6
112,5,0,2,7,8.54,1,53.5
89,0,2,1,6,8.2,1,59.6
44,4,3,1,6,9.27,4,36.6
94,0,5,2,4,8.74,3,44.6
108,5,1,2,10,7.45,0,64.7
152,3,3,1,5,8.69,3,56
52,4,3,1,1,7.49,2,22.6
46,2,0,2,8,7.66,1,48.6
111,0,3,1,4,8.74,1,57.5
28,1,4,2,7,6,5,28.6
55,0,5,0,6,6.61,3,43
115,3,2,2,5,5.91,1,47.7
155,3,2,1,6,8.26,4,57.1
28,5,3,0,3,7.39,3,19.5
89,1,1,1,4,8.18,0,52.3
162,0,0,1,7,9.25,3,70
58,0,2,0,8,5.4,0,51.4
146,5,3,2,7,9.35,5,51.2
77,0,2,1,7,6.94,5,42.3
59,5,0,0,2,8.39,5,15.3
176,5,4,0,1,5.1,0,40.9
179,5,5,1,1,7.43,4,38.1
39,4,1,0,8,9.5,5,36.9
161,1,2,0,2,8.07,4,43
20,3,5,2,9,6.94,4,37.1
152,5,0,1,4,9.33,0,58.4
168,5,1,1,9,6.74,2,63.7
47,4,1,2,3,4.94,2,21.6
23,0,2,2,5,6.32,4,23.4
15,1,3,1,9,9.02,2,51.6
128,1,5,0,6,7.11,2,57.2
145,1,0,1,1,5.69,1,40
70,1,5,2,4,7.46,2,37.5
174,3,2,2,5,5.8,5,45.2
117,3,2,0,7,9.2,1,63.6
33,5,0,0,4,8.07,4,21.3
145,4,1,0,3,6.08,3,37.1
169,1,2,0,2,7.16,5,40.6
31,2,0,1,6,9.05,2,39.8
72,2,2,1,7,9.4,1,57.8
41,0,1,2,5,7.44,3,32.3
104,5,5,0,9,5.86,0,61.3
58,2,4,1,6,8.53,5,38.6
151,4,5,0,8,7.46,2,60.3
146,5,1,2,3,5.21,4,30.9
28,5,0,0,4,7.89,3,23.7
61,3,3,0,9,5.93,3,42.7
73,2,0,1,5,6.53,2,41.3
177,0,2,2,4,9.22,1,68.9
36,5,3,2,8,8.54,0,51.3
123,5,5,2,3,6.9,4,32.2
151,5,2,0,1,7.58,5,25.6
123,5,5,2,6,5.72,5,34.8
150,5,5,1,10,6.74,1,71.4
149,1,1,1,6,8.7,4,56.9
28,3,4,0,3,6.37,0,28.7
78,4,2,0,5,6.92,2,36.8
176,4,4,1,5,9.15,5,52.5
24,3,5,0,1,6.28,4,9.1
91,2,2,1,6,8.95,1,56.9
17,0,4,0,4,4.92,4,20
120,0,4,1,3,8.35,2,48.9
116,2,3,0,7,8.96,4,54.5
42,3,0,0,3,5.2,5,10
106,5,1,1,4,5.92,1,39.3
99,0,1,2,4,9.24,5,42.9
45,3,4,2,8,8.5,5,34
117,4,0,2,7,5.16,0,53.3
47,1,3,2,1,8.34,1,27.7
102,3,5,2,1,6.67,2,29.1
36,3,1,2,3,8.15,1,30.1
44,2,0,1,7,5.49,5,28.7
41,5,0,2,10,5.41,4,33.3
53,1,2,1,7,4.69,1,46
124,0,5,1,2,8.82,3,46.4
93,5,0,1,4,6.18,3,27.7
124,5,2,0,2,5.85,2,35.3
122,1,3,1,3,4.7,0,46.6
97,1,3,0,5,9.04,0,58.3
79,3,3,0,5,5.06,5,20.7
156,1,3,0,6,8.21,4,56.3
110,1,0,0,4,7.42,0,55.1
48,5,0,2,2,4.71,5,4.6
64,5,4,1,2,9.21,4,23.8
136,1,5,2,3,4.72,1,43.7
79,4,3,0,8,7.65,0,58.8
32,3,4,2,9,8.45,1,51.5
48,2,2,2,1,8.47,5,14.5
116,3,0,2,9,9.36,1,67.2
145,3,5,0,7,7.54,1,62.4
55,4,1,2,1,8.9,4,18.4
149,2,3,1,5,8.04,4,48.3
72,0,5,1,5,4.7,1,45.3
86,1,3,1,4,9.45,1,52.3
15,5,3,2,10,9.36,2,43.9
155,2,0,1,7,8.99,2,66.2
29,5,2,0,4,8.15,2,26.4
19,4,0,2,2,8.11,5,7.9
80,5,0,2,9,5.53,3,38.5
83,1,5,2,7,5.28,1,50.4
126,2,1,0,2,6.98,3,35
60,1,5,0,3,7.74,0,42.3
60,3,0,2,4,4.85,0,31.9
131,5,4,1,9,5.19,0,62.5
111,3,2,1,1,8.32,5,30.3
48,1,2,0,3,9.19,4,28
17,0,5,2,6,8.76,0,47
137,4,4,1,5,6.16,1,49.5
154,5,3,2,9,5.12,0,61
90,0,5,0,3,4.51,1,35.1
124,3,1,0,5,5.63,5,33.1
43,3,1,1,4,5.01,2,24.9
172,2,2,0,2,8.98,4,45.7
124,4,3,2,3,7.9,1,47
92,4,3,0,2,5.86,3,24.9
82,5,2,1,3,8.39,1,38.8
114,3,0,0,2,5.07,3,29.6
86,1,2,0,3,5.41,3,29.7
141,3,4,2,7,7.51,5,46.5
77,3,4,2,8,7.19,3,45.5
73,3,2,2,7,7.13,5,36.6
71,5,2,1,6,4.51,0,39.3
136,1,2,1,6,6.3,1,58.5
51,4,4,1,4,8.64,0,44.3
45,5,0,1,7,8.17,5,32.7
110,0,0,1,10,4.87,4,55.7
22,1,3,1,2,5.73,0,27.7
121,1,1,0,3,8.24,5,40
135,3,0,0,8,8.41,5,49.2
43,1,2,2,1,7.52,1,28.4
17,3,4,2,8,7.27,2,40.7
143,2,0,1,7,9.16,2,68.4
148,3,1,2,4,6.5,0,52.2
62,5,5,2,2,8.58,3,24.9
179,3,4,1,1,8.52,5,39.5
84,0,2,1,6,7.52,2,49
87,1,5,1,2,5.56,0,41.6
94,1,5,1,1,5.7,0,41.3
159,0,5,0,1,4.74,0,50.8
17,2,3,0,9,5.47,3,36.3
48,5,0,1,6,6.54,5,22.7
143,1,2,2,7,6.88,0,66
53,5,4,1,2,9.26,1,35.7
51,5,1,2,9,9.46,4,44.4
102,3,1,0,5,6.3,3,35.9
114,1,1,2,10,4.87,1,62.5
142,0,2,1,5,7.24,0,65.3
131,2,1,0,3,4.84,4,30.7
37,0,1,2,8,5.79,3,41.8
128,5,1,1,10,6.94,2,64.6
117,3,5,2,3,6.7,4,34.7
95,2,2,2,7,7.03,2,52.7
25,4,0,1,4,8,4,18.3
41,2,4,1,10,6.5,0,55.7
133,5,2,0,8,6.84,4,51.6
134,0,2,1,2,9.09,3,50.6
66,3,3,1,6,6.21,4,32.1
136,0,3,0,1,7.23,3,36.8
69,2,5,1,10,8.37,0,71.3
107,3,4,1,1,5.56,0,38.9
123,2,3,2,3,4.92,0,41.5
35,2,0,0,7,7.12,5,31.3
62,0,2,0,6,9.32,2,49.9
104,3,4,0,9,7.94,1,66.2
126,2,0,2,7,8.62,4,53.7
167,1,2,2,10,7.58,2,77.2
96,0,1,0,3,7,2,39.2
119,2,5,2,1,9.44,1,47.2
178,4,2,1,4,8.23,1,61
154,1,5,0,4,6.24,1,58.7
162,0,3,0,1,6.01,2,43.7
46,5,4,2,8,6.57,2,37.4
153,3,5,0,2,9.13,3,46.8
60,4,5,1,9,6.68,2,51
126,5,3,2,10,9.19,0,75.9
41,0,0,1,10,9.16,0,67
174,4,2,2,8,7.02,0,72.7
122,1,1,0,9,6.41,1,67.7
46,2,4,0,7,4.54,2,36.9
144,2,3,2,5,6.04,3,46.7
16,3,2,1,1,5.27,2,14.6
147,5,5,0,6,5.35,4,44.6
76,4,4,1,10,7.72,0,65.7
162,3,1,2,7,9.39,1,70
96,4,1,0,4,5,1,36.2
176,4,4,2,5,8.69,1,65.8
67,0,2,1,7,4.56,4,34.6
173,5,5,1,10,6.41,5,61
131,5,0,0,3,5.7,1,37.4
152,1,0,0,5,7.8,2,55.1
51,5,2,2,10,8.83,0,59.2
167,0,2,1,5,5.81,1,59.9
141,2,1,0,2,6.96,0,49.6
139,5,2,1,7,6.38,2,54.6
130,1,1,0,1,9.02,5,35.2
170,0,2,0,6,6.92,4,58.3
16,1,5,2,5,9.13,1,42
152,0,5,2,3,5.58,2,45.3
70,0,3,1,4,4.92,5,26.8
83,2,4,1,2,6.24,4,25.5
134,5,4,0,9,9.23,1,67.8
65,5,0,0,7,5.01,4,26
67,5,4,0,8,6.62,5,31.3
96,4,2,2,7,6.65,4,38.5
176,0,4,1,1,9.29,2,57.4
90,4,0,2,6,6.49,0,45.3
97,3,1,0,4,4.86,5,22.8
52,2,2,1,6,7.94,5,32.6
134,4,3,1,9,4.83,2,56.2
149,1,2,2,5,8.08,5,45.3
180,3,0,0,6,8.57,1,66.5
141,3,2,0,7,5.1,3,47.3
98,4,4,1,10,4.61,0,60
162,0,4,0,3,8.71,3,51.9
151,4,2,0,1,4.85,0,42
121,5,3,0,6,8.27,3,44.6
95,3,5,1,7,5.99,3,44.9
179,0,3,2,2,4.65,0,54.1
50,0,3,2,7,5.63,0,45.8
109,4,2,2,1,5.8,0,31.8
92,0,3,0,10,8.46,3,61.9
58,1,5,0,2,5.13,1,30.6
120,5,4,2,2,7.11,1,37.9
140,2,3,2,8,5.63,2,58.5
36,2,5,1,4,7.97,0,45.2
30,1,2,2,4,6.84,3,24.9
41,2,1,2,9,7.07,2,48.3
94,5,4,2,3,8.74,0,46.5
71,2,4,0,10,7.07,3,51
86,3,1,2,5,9.26,4,40.5
52,3,2,2,2,5.7,3,16
22,3,0,2,8,6.26,0,44.8
36,2,4,1,3,6.48,3,23.6
28,3,3,0,2,4.75,3,12.3
123,1,3,1,7,5.38,2,53.7
141,4,4,1,1,7.73,0,45.1
28,0,5,0,4,4.83,0,33
173,5,0,0,7,6.46,1,62.5
83,3,1,1,4,6.24,2,37.6
88,5,2,1,3,7.02,5,23.8
93,5,1,1,6,7.91,1,47.7
131,1,2,2,8,6.64,0,65.7
82,0,1,2,1,7.47,3,29.9
140,1,4,1,1,8.59,4,40.9
89,1,5,2,3,8.27,0,46.8
100,3,4,2,6,9.45,2,53.8
79,2,4,1,6,6.01,2,45.4
167,3,2,0,9,8.14,0,77.2
120,1,0,1,6,6.99,1,57.7
125,2,1,2,2,5.47,3,32.3
85,5,0,2,8,9.44,4,43.4
104,2,4,2,7,9.23,2,56.6
25,4,5,2,6,8.67,0,43.2
131,4,3,0,2,9.35,3,43.3
52,3,0,1,9,9.33,4,47.8
56,2,4,0,2,8.5,0,38.8
70,2,5,1,1,6.94,0,35.6
15,0,3,1,6,8.89,4,36.3
158,1,2,2,5,5.21,5,39.6
164,0,3,1,1,6.87,2,45.9
178,3,4,0,2,8.97,2,54.3
59,4,4,2,6,8.52,1,45.9
66,2,1,0,9,5.5,2,45.4
160,5,4,2,3,6.38,3,36.3
149,3,0,0,9,9.17,5,59.1
105,3,4,0,7,6.81,4,40.7
122,0,1,2,5,8.43,4,48.6
47,4,5,2,5,4.77,3,20.7
16,3,5,0,1,4.92,2,13
42,2,5,1,5,7.33,5,26.4
30,0,0,2,9,8.2,0,58.4
147,1,5,2,8,5.18,5,50.3
54,2,0,0,1,8.53,4,21.7
44,0,2,1,10,8.9,4,51.9
67,0,4,1,9,6.72,0,65.2
91,3,4,1,4,8.71,4,36.3
171,5,4,2,10,5.12,1,67.4
62,1,0,2,4,5.35,5,21
66,3,4,0,5,7.84,4,33
85,3,4,2,2,6.82,3,24.4
87,3,2,2,7,4.56,2,37.7
173,3,2,0,3,6.84,5,39.8
17,1,3,2,9,5.55,5,29
146,0,1,2,3,6.26,5,37.3
132,5,1,0,5,9.12,0,61.8
180,3,4,0,10,7.79,4,70.7
144,5,5,0,3,7.99,4,41.6
104,4,5,0,2,4.72,5,15.4
39,5,2,0,8,6.12,1,43.6
75,0,1,2,7,8.28,3,52.1
30,4,3,1,1,8.73,0,28.8
110,4,0,1,3,6.11,5,24.3
49,5,5,2,4,5.48,3,20.1
88,1,1,2,3,6.67,4,31.4
64,0,5,1,2,5.52,1,36.2
107,3,5,2,2,6.2,5,24.1
179,4,4,1,4,7.35,3,51.7
106,4,5,1,2,6.69,5,23.6
33,4,2,1,9,5.99,0,48.6
28,4,5,0,1,5.62,2,16.1
79,3,0,0,2,8.86,1,40.9
34,4,5,1,9,9.16,4,43
173,0,5,2,2,7.41,2,54.2
23,2,4,0,4,6.17,0,30.9
155,5,3,2,1,5.68,0,41.3
159,4,0,1,6,9.41,3,59.9
171,0,5,0,3,5.85,0,57.4
142,4,1,2,6,6.66,2,52.7
73,0,2,1,4,7.17,3,40.1
19,4,4,1,7,8.33,5,26
124,4,1,1,8,5.09,4,47.7
109,2,1,0,7,9.09,1,61.2
165,0,1,0,9,7.34,0,83.3
78,0,2,1,3,6.69,2,36.1
104,4,0,1,5,5.15,3,34.1
46,5,2,1,5,9.19,1,42
106,1,4,2,5,9.21,4,45
77,4,3,0,9,7.02,0,56.5
120,5,5,0,5,4.89,1,44.8
148,1,3,2,9,5.55,2,64.2
51,0,1,2,8,7.75,3,49.7
20,3,2,0,5,7.44,2,33.1
36,0,3,2,7,6.98,3,37.7
26,1,1,0,3,7.8,4,19.8
93,0,5,0,1,9.05,2,43.8
82,4,1,1,6,8.13,4,38.9
124,5,0,1,2,7.27,5,28.2
88,4,4,0,10,8.1,4,50.7
112,3,0,1,3,9.04,2,47.1
85,0,1,2,5,6.19,3,36.4
85,2,3,2,5,8.41,4,35.2
93,4,0,0,5,8.74,3,41.1
127,0,4,1,6,6.9,4,48.7
29,4,2,0,10,7.26,0,53.3
81,2,3,0,3,5.64,1,32.7
173,5,2,1,2,7.77,1,52.4
127,4,3,1,9,8.09,0,73.1
81,2,2,2,6,7.2,0,52.8
104,0,2,2,8,5.07,0,58.4
98,4,3,2,7,4.86,3,39.5
51,0,3,2,6,6.17,3,38
110,3,3,2,1,5.3,0,32.3
53,4,2,1,10,5.56,2,47.3
145,4,0,0,4,6.39,4,34.6
53,3,0,1,2,9.29,1,36
162,5,5,2,7,7.19,0,67.8
150,0,5,0,9,7.1,2,70.3
162,2,1,0,4,8.5,2,55.9
95,5,2,2,4,6.73,3,30.9
105,4,5,1,6,7.77,4,41.8
122,1,5,1,9,5.72,3,59.7
50,4,3,0,6,6.07,0,39.7
144,1,5,0,4,9,3,51.9
45,3,3,2,8,8.21,1,51.1
125,0,0,1,2,5.16,4,33.9
123,2,1,0,9,5.71,2,56.4
101,4,5,2,2,9.47,0,44.1
105,3,4,2,8,8.2,3,51.9
137,5,1,2,3,8.12,4,38.5
145,0,1,1,10,7.47,5,65.4
112,2,4,1,9,8.11,2,67.1
39,1,3,0,6,4.74,4,27.8
163,4,4,0,6,6.42,1,61.3
25,5,0,1,7,7.1,4,29.1
95,0,3,0,3,5.09,2,35.4
72,1,3,0,10,8.27,1,65.5
51,0,1,2,9,8.27,0,62.7
25,4,5,1,1,6.94,0,23.9
87,4,4,2,8,7.1,3,44
43,5,0,1,8,8.94,3,40.5
50,2,0,2,2,9.34,0,39.8
71,5,2,0,3,7.04,2,29.3
146,5,2,2,6,8.96,0,63.7
148,2,1,2,1,9.25,5,33.1
50,4,4,1,4,5.83,1,31.1
62,5,4,0,3,5.49,0,32.8
69,0,4,1,8,7.29,1,59.2
24,3,0,0,10,6.4,4,34.8
104,3,5,2,3,8.89,1,49.2
139,3,0,0,10,6.29,3,59.1
71,0,3,0,8,6.13,5,39.1
60,3,3,2,2,6.24,3,21.1
138,3,5,0,4,4.64,2,41.9
119,0,5,0,5,7.87,3,51.3
128,3,4,0,1,5.84,5,20.6
177,0,3,0,7,5.61,1,68.2
175,0,5,2,6,5.15,4,50.2
20,3,2,2,6,9.06,4,28.2
27,4,1,0,9,5.49,1,43.2
116,5,1,0,3,9.05,2,42.3
156,5,1,1,1,8.73,4,34.3
116,3,2,1,5,6.01,1,49.7
78,0,3,2,2,8.56,3,35.3
48,5,3,1,2,4.87,5,6.9
121,0,2,2,9,7.52,1,67.2
165,3,1,2,5,8.42,3,55.1
20,2,3,0,4,5,5,11.7
111,2,4,1,4,9.33,4,43.4
87,5,5,2,4,6.41,3,31.3
110,4,0,1,8,5.62,0,56.1
74,3,3,0,10,5.04,2,48.1
176,0,2,2,3,5.54,3,48.4
36,1,4,2,8,7.12,4,39
30,3,3,0,5,8.2,1,34.8
159,4,4,1,5,7.95,4,51.2
154,3,3,2,4,6.11,5,35.7
157,5,0,1,2,6.63,0,46.5
18,1,5,2,2,5.33,3,16.7
44,0,4,0,3,7.63,4,26.8
155,3,4,1,5,5.09,2,50.7
84,4,3,2,6,7.32,1,43.3
148,5,1,2,6,7.1,2,51.6
68,2,0,2,3,5.32,5,18
17,2,4,1,3,6.85,0,30.5
63,1,0,1,9,6.79,0,56.9
134,4,1,1,6,7.68,1,57
18,1,3,0,7,7.42,2,38.5
118,2,5,2,4,4.89,1,40.6
70,2,1,0,10,5.01,4,44
113,2,5,2,10,5.89,5,52.4
136,1,1,1,4,9.45,0,67.7
172,1,1,1,8,8.87,2,73.3
28,1,5,0,7,7.82,2,42.6
45,1,5,0,7,8.37,5,37.7
94,4,3,2,2,8.92,1,41.6
177,2,0,1,7,7.3,3,64.2
79,5,2,2,7,7.76,1,45.5
108,3,0,0,7,5.57,4,41.9
63,3,3,1,1,5.48,2,20.7
16,4,3,0,2,9.06,2,22.8
18,4,3,1,5,7.71,3,23.7
79,2,0,1,10,8.62,5,54.2
170,5,4,0,3,6.87,5,37.4
41,0,3,1,10,8.97,1,64.7
60,1,2,0,2,4.78,5,15.2
95,0,5,0,4,7.78,5,34.3
96,5,1,2,6,7.08,5,31.2
30,0,1,2,3,8.14,0,36.8
26,2,5,1,9,6.55,5,36.6
15,2,3,2,6,5.09,3,23.4
37,4,4,1,2,9.09,1,33
62,2,5,2,1,8.33,0,34.8
110,3,2,2,4,6.04,5,29.6
63,5,0,1,5,4.77,5,15.9
86,1,5,0,7,5.63,1,50.2
66,1,3,0,8,5.82,3,42.3
108,2,0,2,8,8.65,5,50.6
24,4,4,1,9,7.34,5,32.4
180,5,3,1,6,8,4,54.8
83,0,5,1,5,5.59,2,40.8
44,4,0,2,3,6.88,3,20.4
110,4,4,2,10,9.01,2,65.8
176,2,2,1,7,6.88,2,67.5
40,1,3,0,3,6.83,1,33.8
127,4,4,2,10,7.97,5,53.7
77,2,0,0,10,6.19,5,42.9
25,1,5,1,7,6.63,2,43.6
117,4,2,1,9,5.33,2,57.2
149,1,5,1,3,7.82,0,63.5
94,1,3,0,7,5.33,0,55.1
66,1,3,0,2,5.42,1,29.5
77,1,0,2,6,4.52,1,39.7
135,4,0,0,4,9.06,5,38.8
133,5,1,1,7,5.14,1,51.6
98,2,0,2,7,7.48,4,41.2
140,5,0,2,1,5.61,4,20.2
75,2,3,0,9,8.62,4,51.3
116,0,0,1,3,7,0,50.3
126,0,3,0,3,6.63,2,44.2
138,0,3,0,3,5.32,5,33.4
42,3,2,0,2,7.78,3,24.8
18,1,3,1,10,7.03,5,38.1
139,5,0,0,7,8.36,2,56.4
177,0,5,0,9,6.36,3,72.2
151,2,2,1,7,7.16,3,61.6
35,1,2,0,10,5.79,4,43.3
131,3,2,0,5,4.7,3,39.7
27,4,0,0,5,6.63,5,15.3
21,4,3,1,5,6.28,0,33.1
91,5,2,2,2,6.29,0,34.1
116,1,1,1,9,4.97,5,45.4
141,3,3,0,8,7.94,1,68.9
149,4,4,1,2,6.13,0,44.9
178,0,4,2,2,6.19,5,40.8
123,3,2,1,5,8.11,5,44.3
125,0,1,2,5,9.47,4,52.1
77,5,2,0,10,6.86,3,47.7
62,2,5,2,1,7.52,1,31.8
84,0,4,1,1,8.41,5,25.1
83,3,5,2,6,4.99,1,38.9
98,1,2,2,5,8.14,4,44.3
165,3,0,2,6,7.21,3,56.4
18,2,3,0,6,8.61,1,41.1
142,1,5,2,3,7.86,2,50
161,0,0,0,9,9.42,0,83.4
150,2,3,0,6,6.76,3,50.1
174,4,1,2,6,7.32,3,58.1
20,2,5,2,8,9.45,3,46.5
48,3,5,1,2,6.48,1,31.8
161,2,1,1,7,7.25,2,66
122,4,3,0,6,7.65,5,42.5
177,5,3,2,9,7.16,1,71.9
141,3,3,0,3,9.12,1,53.1
15,4,3,0,3,7.92,0,28.9
122,3,4,1,1,7.59,1,41.8
143,0,5,2,7,9.23,2,69.6
57,4,0,0,2,9.26,0,38.6
114,4,5,1,3,6.79,5,31.5
59,3,0,1,6,5.16,0,43.8
67,4,4,0,4,7.92,3,35.1
60,3,5,2,2,8.52,2,33.5
55,1,4,2,2,4.53,0,29.5
119,4,4,0,2,8.42,2,42.3
152,0,0,2,9,8.07,3,68.1
30,2,4,2,1,6.32,5,9.2
176,5,4,0,2,5.02,2,40.7
163,0,0,1,6,6.56,2,59.8
77,3,1,0,2,6.15,5,14.6
140,1,3,0,5,7.95,2,58.1
81,4,3,2,1,8.31,1,31.8
21,1,3,2,6,8.07,2,40.1
55,4,0,0,8,8.07,5,34
47,1,5,0,7,5.79,1,42.1
69,4,3,1,10,4.56,2,47.6
147,3,4,2,3,9.36,5,38.9
143,2,5,0,7,8.83,3,63.1
149,3,1,0,7,4.57,0,58.3
94,1,1,1,5,7.54,5,39.7
65,2,4,0,10,9.06,0,69.9
149,1,0,1,6,7.82,3,58.6
99,4,2,0,9,9.31,5,51.5
35,0,4,2,9,5.74,2,47
61,5,0,1,4,7.95,3,27.6
170,2,5,0,2,8.22,5,44.3
31,1,5,0,1,5.54,1,22.7
163,3,4,1,9,8.91,0,80.2
177,0,1,0,2,6.71,3,46.7
153,4,1,2,8,6,0,65
43,5,4,2,4,7.44,5,17.6
131,0,3,0,10,5.85,5,54
144,3,5,0,5,5.82,4,40.9
85,5,5,2,5,7.63,0,49.5
61,3,2,0,9,6.85,1,51.2
125,5,3,1,8,6.21,5,42.7
61,1,2,1,4,6.04,2,34.5
150,3,2,2,5,9.14,1,62.2
54,2,1,1,7,8.43,1,52.7
55,2,5,0,10,8.44,5,46.4
82,3,3,0,3,6.03,5,19.6
95,3,3,0,10,6.47,3,50.5
118,0,4,0,3,9.37,2,49.2
66,1,0,2,5,5.97,2,33.1
124,3,3,2,9,8.2,1,67
127,2,2,1,4,5.3,5,33.2
166,3,2,2,7,7.94,5,53.6
86,4,5,0,1,5.01,5,10.9
152,2,4,0,2,6.86,5,31.7
120,1,1,2,5,7.37,4,41.2
77,2,5,2,5,7.28,2,43.2
50,0,0,2,6,9.29,2,49.6
129,5,1,1,6,6.84,3,45.2
65,5,0,0,5,7.52,0,39.6
179,3,4,0,8,8.49,4,62.2
146,2,2,2,7,9.48,4,61.8
98,4,4,0,10,6.17,0,63.9
159,0,5,1,9,5.29,4,64.3
37,4,4,2,4,8.26,5,19.3
85,3,4,2,3,7.75,0,40.9
162,2,4,2,7,8.95,3,64.4
16,4,4,1,1,5.63,3,5.8
72,4,0,0,9,6.79,5,36.1
162,2,0,2,3,5.44,1,45.5
61,0,2,2,10,9.22,0,72
153,2,2,0,6,9.14,5,52.4
92,1,4,0,4,9.18,1,53.6
21,1,4,1,7,4.63,5,25.2
68,3,2,0,8,6.5,1,51.9
166,0,2,1,9,9.07,5,70.2
56,1,2,0,10,6.29,2,53.1
68,0,5,0,8,5.78,0,59.7
19,0,4,0,7,9.31,0,53
94,0,4,2,5,5.65,5,29.7
179,3,4,1,5,8.15,2,59.5
78,1,5,1,3,7.09,1,43.6
24,0,5,1,5,6.36,3,33.6
122,1,1,2,3,8.21,5,34.5
43,1,2,0,4,6.03,5,20.1
82,4,3,1,1,6.16,3,18
51,3,2,2,7,8.31,5,34.2
55,0,2,0,4,4.96,0,36.8
136,3,4,2,8,5.17,4,48.6
15,2,4,0,5,5.14,5,14.6
172,5,0,1,8,6.96,4,54.2
71,4,1,1,4,7.8,5,24.1
118,2,5,1,4,5.63,1,48.5
92,2,0,0,10,7.1,4,55.2
83,1,3,0,6,7.81,4,43.3
23,5,4,2,1,8.47,1,17.6
177,0,1,1,7,6.11,4,60.3
103,1,0,2,7,6.76,1,54.5
82,4,4,1,5,7.78,4,37.7
101,1,3,0,8,8.36,3,57.6
102,4,3,1,6,6.63,0,55
47,0,1,0,2,5.1,5,12.4
103,2,4,0,9,9.42,0,75.3
144,1,4,2,4,5.21,5,33.5
19,1,0,2,6,7.13,1,37.9
150,4,2,2,6,7.2,5,46.6
150,1,3,1,2,7.9,5,39.7
173,1,0,1,9,9.21,4,71.7
66,2,2,0,5,6.45,4,34.1
136,3,3,1,5,4.5,2,45
94,1,0,2,10,9.3,0,74.9
50,1,4,1,4,6.46,1,38.7
115,4,1,1,6,4.85,2,40.9
117,0,0,2,10,9.22,1,73.6
51,5,3,0,1,7.68,4,12.3
41,5,5,0,4,7.8,2,32
153,5,5,0,3,4.85,5,27.3
84,0,4,0,2,7.63,3,34.9
139,2,1,2,2,4.94,5,26.2
168,2,1,2,8,8.68,3,67
178,0,3,2,5,9.02,5,56.3
122,5,3,0,2,4.56,5,19
77,4,4,1,10,6.67,2,51.8
139,4,5,2,7,7.53,5,45.9
169,0,5,2,2,7.38,0,62.3
76,2,5,2,10,6.61,3,53.8
25,2,0,0,8,7.37,4,31.8
117,5,0,0,1,5.58,1,26.5
99,0,3,0,1,8.15,2,37.5
103,2,1,0,8,8.42,2,59.3
177,2,1,1,9,8.35,4,70.7
117,2,1,0,2,6.17,4,29.8
73,2,3,1,2,7.7,2,34.1
178,1,4,1,5,8.78,3,62.6
127,2,1,1,6,4.58,1,51.7
144,5,0,2,5,8.28,4,41.2
173,5,2,1,2,4.95,4,35.4
118,2,1,2,6,7.16,3,45.6
113,0,0,0,10,7.35,0,72.9
72,3,2,1,9,5.28,2,45.4
72,5,1,1,4,6.7,1,33.9
90,1,2,2,8,8.69,3,55.9
160,1,4,1,9,7.4,5,62.7
114,5,3,2,6,8.52,2,48.7
108,1,3,2,6,4.89,5,31.5
78,4,5,1,2,9.41,4,31.6
152,2,2,2,4,8.1,5,44.9
156,1,4,0,10,8.68,3,75
142,4,4,1,3,4.61,3,34.5
29,2,4,2,3,4.82,2,16.5
85,4,3,2,1,8.07,3,24.3
49,3,1,2,8,6.05,5,31.1
99,1,5,2,7,5.22,4,44.1
165,2,2,2,1,8.06,2,47.3
33,4,2,2,7,8.15,5,26.9
168,1,1,1,8,8.14,2,70.6
118,4,0,2,7,8.52,3,51.8
50,2,1,1,5,6.28,5,24.5
79,3,2,1,5,6.51,1,42.8
180,5,2,0,8,8.26,4,60.2
170,0,5,1,6,4.98,0,70.5
150,0,2,0,7,6.03,4,55.2
32,1,1,2,10,6.99,4,41
103,0,0,1,10,6.37,1,69.2
60,4,1,0,1,7.61,4,19.2
45,2,3,1,6,7.92,4,34.9
40,3,1,2,3,9.49,2,35.2
155,3,4,1,9,4.83,1,64.1
76,3,1,0,1,6.29,3,23.1
166,0,5,1,6,9.06,4,64.9
151,4,4,2,4,5.91,1,47.3
65,2,0,0,7,6.68,0,50.5
140,0,3,2,8,7.55,2,65.4
88,5,0,1,9,8.66,1,62.1
93,4,0,2,9,5.37,2,48.6
151,0,2,0,7,5.44,4,50.6
126,5,5,2,3,7.04,5,29.7
69,0,4,1,4,8.06,0,52.1
141,1,5,2,10,4.58,3,58.3
44,2,2,1,6,9.42,3,45.3
110,3,2,1,3,7.49,4,36.1
123,5,5,2,5,5.52,5,31.5
84,3,0,1,7,8.62,3,47
63,3,3,2,1,7.63,3,18.4
129,1,0,2,4,4.85,0,45.7
140,0,1,2,6,5.34,5,41.4
116,2,5,0,5,8.78,2,51.9
45,3,1,1,9,8.73,1,53.8
24,3,4,1,2,5.64,3,12.3
32,1,4,2,6,6.69,1,39.2
25,5,5,1,4,8.12,0,36.4
54,2,3,1,6,6.81,5,27.1
112,1,3,2,2,5.63,5,21.9
127,0,4,1,4,7.51,2,53
51,4,3,1,2,7.92,3,23.5
19,4,0,1,6,6.35,1,34.9
74,0,4,1,10,4.79,3,52.8
45,1,0,1,10,7.23,0,61.6
136,4,0,0,5,7.93,3,46.5
75,5,4,2,5,6.23,5,22.2
54,3,5,0,4,5.22,5,19.2
114,2,1,0,1,6.66,2,32
132,3,0,2,4,9.44,1,56.7
105,1,4,0,7,6.8,3,49.9
114,3,3,0,6,7.83,1,56.2
67,1,1,2,4,7.34,5,28.3
173,2,4,2,7,6.37,2,60.5
51,3,2,2,8,6,4,33.8
66,1,3,2,3,7.8,4,27.8
128,0,0,1,7,7.34,1,63.1
159,1,0,0,10,8.41,1,78
96,3,1,2,3,8.31,3,34.7
171,4,0,2,1,7.88,0,47.2
17,0,3,1,6,9.16,2,41.6
53,1,3,1,6,7.62,2,44.5
129,3,3,2,3,5.95,0,47
55,1,1,0,2,7.16,4,22.2
158,4,0,0,5,7.95,1,60.7
52,3,2,1,3,8.9,3,31.4
58,0,5,2,6,9.15,4,43.7
129,0,4,2,10,6.22,2,69.6
109,0,1,1,10,6,3,63.4
43,5,1,2,6,5.96,0,35.8
141,0,5,2,7,9.46,2,71.4
64,4,3,2,1,6.95,1,22.1
76,5,3,0,8,9.48,2,49.6
132,5,2,0,9,4.66,4,43.2
161,0,3,0,4,9.02,3,57.4
84,5,4,0,6,8.52,3,41.1
102,1,3,2,5,7.26,3,41.8
36,3,0,1,6,8.81,0,44.7
47,0,1,1,3,6.37,1,35.8
75,0,2,1,1,8.18,2,38.3
173,0,1,2,8,7.66,2,73.9
42,4,2,1,3,5.5,5,14.7
62,0,0,1,1,6.66,5,15.9
27,5,2,0,6,7.63,1,36.3
65,5,4,2,3,6.85,5,17
30,3,1,2,1,4.9,1,13.6
153,4,1,2,2,8.01,0,49.1
97,1,1,0,10,5.98,3,56.1
88,1,4,0,6,8.18,4,41.4
79,2,1,1,1,4.81,2,26.1
30,4,4,1,8,4.56,5,23.9
96,4,3,2,10,7.89,0,65.9
96,3,3,2,8,6.35,2,50.9
95,4,0,1,4,7.44,0,47.5
119,3,4,0,7,6.82,3,49.3
51,5,4,0,1,8.87,2,23.5
176,1,4,0,1,6.67,5,38.9
53,4,1,1,2,4.58,3,12.8
101,1,2,0,7,5.29,4,41
63,3,5,2,8,6.66,1,49.2
30,2,2,1,6,8.03,4,32.1
75,4,4,1,7,6.95,2,45.7
101,5,3,2,10,6.64,0,61.9
150,2,3,2,6,8.54,1,63.1
136,0,2,0,6,6.59,1,63.8
74,2,0,0,5,7.27,4,35.2
64,1,3,2,10,9.36,1,66.4
171,1,1,0,10,6.85,0,81.2
39,3,1,2,6,4.91,3,25.4
83,0,4,0,4,8.46,2,47.7
108,0,4,1,4,7.67,2,48.9
173,3,5,1,5,9.28,3,64.7
169,4,1,2,4,9.29,4,50.5
90,5,2,2,4,7.12,4,27.1
111,3,0,1,5,5.8,1,44.7
22,5,0,0,2,6.34,1,17.3
112,4,1,2,8,8.29,0,66.2
131,2,1,2,10,6.77,1,69.4
97,0,2,1,6,7.26,2,51.3
111,4,2,2,7,7.73,3,46.7
171,0,0,0,6,7.33,4,54.7
145,0,0,2,3,6.98,0,53.1
41,4,1,2,4,4.96,2,24.5
101,0,4,0,2,6.96,4,29.4
121,5,4,2,3,7.24,0,46.5
129,1,2,0,4,5.7,5,36.5
21,0,0,2,4,6.89,0,34.2
74,1,1,2,6,6.11,5,32.5
19,4,3,0,1,7.85,5,5.7
32,0,1,2,1,5.54,4,11.4
104,5,2,2,6,7.05,1,47
53,4,2,2,10,5.91,4,38.4
114,1,1,2,5,6.17,2,48.6
115,0,0,0,8,4.64,4,49.1
146,3,1,1,2,4.71,0,45.5
67,1,5,2,5,8.66,5,33.5
166,2,3,0,1,7.74,1,50
79,1,5,1,5,4.56,1,44.1
67,3,0,0,6,6.79,3,36.6
57,3,4,2,10,5.93,5,39.7
78,0,5,1,1,8.76,4,29.1
17,2,2,0,8,6.41,4,34.7
39,0,3,1,4,9.35,5,33.3
34,2,4,2,1,5.99,0,26.3
92,1,3,0,4,5.1,5,27.5
22,3,1,1,2,4.93,1,18.6
163,5,5,0,5,4.61,4,39.1
54,1,2,0,7,4.65,3,35.1
134,3,1,1,10,8.99,5,59.4
86,5,3,2,8,5.51,2,39.2
84,1,1,2,8,8.55,5,43.8
159,3,5,2,8,8.46,5,59.7
27,2,3,1,10,6.34,3,43.7
110,5,3,2,9,7.2,2,55.7
103,3,1,2,7,6.36,2,49.6
52,5,4,2,9,6.54,3,36.5
79,1,3,0,8,6.75,4,46.8
57,0,3,2,3,7.49,4,28.1
55,4,1,1,7,4.91,3,34.4
143,4,2,2,2,7.38,2,43.5
57,5,1,2,6,6.95,2,36.3
110,4,4,2,7,5.6,2,47
42,1,0,2,8,5.28,5,31.2
63,5,2,2,2,6.98,0,32
93,1,4,0,4,7.21,0,52.8
63,0,2,1,5,5.11,1,43.6
33,0,3,0,2,6.61,2,26.3
17,5,5,0,6,6.44,1,30.6
173,4,4,2,10,7.47,5,61.1
23,3,3,0,1,5.78,3,11.9
113,4,2,0,10,7.6,2,65.4
140,0,4,1,8,8.3,0,76.9
154,0,2,1,2,6.77,5,38.1
169,3,2,0,5,7.26,5,49.1
70,4,4,1,1,7.92,4,22.8
22,4,4,1,9,5.41,2,38.7
114,4,0,2,1,5.77,0,34.7
140,1,4,0,3,4.7,4,33.3
43,5,1,1,4,6.91,1,28.4
60,3,2,0,3,5.62,5,16.8
141,1,0,0,2,5.01,1,39.5
169,4,2,0,8,6.33,5,51.9
149,5,3,2,9,5.03,3,48.9
126,4,0,0,2,4.83,2,32.5
106,3,4,2,4,9.03,1,47.6
56,0,5,1,4,6.73,4,31
82,3,2,2,3,7.41,0,42.2
74,1,1,0,3,8.23,3,32.9
30,4,2,1,9,7.83,4,39.4
92,1,3,1,8,8.51,1,64.4
137,3,1,1,3,6.44,5,33.8
33,1,0,1,9,5.23,0,49.7
33,4,1,1,7,8.7,2,44.9
82,3,2,0,1,8.85,3,27.1
110,3,4,2,4,8.24,1,48.2
145,3,0,2,3,5.71,4,31.6
34,3,5,1,7,4.83,0,42.5
52,5,2,0,5,6.47,3,28.4
102,2,5,2,6,9.1,3,51.4
113,5,5,2,9,9.12,4,55.3
161,1,4,0,2,7.96,2,51.3
172,5,2,0,5,9.17,2,60.7
73,2,3,1,10,5.46,2,50.9
100,4,0,0,5,5.82,3,35.4
63,4,1,2,5,5.45,5,18.9
153,4,3,1,8,7.41,1,64.2
89,5,1,1,10,8.45,2,57.8
180,3,3,1,7,6.92,2,67.5
132,4,3,1,5,7.53,2,47.7
111,4,4,1,2,5.44,2,33.8
131,4,5,0,9,7.34,1,64.6
124,5,4,2,2,6.88,3,29.4
50,1,2,0,1,4.71,0,25
155,4,3,1,2,9.13,5,38
25,5,5,1,1,5.06,4,5.2
87,3,1,1,4,7.59,4,35.4
156,2,1,1,1,7.27,2,46
58,3,1,2,10,4.59,1,45.5
172,2,4,1,2,5.73,3,41
132,4,1,1,4,5.9,0,48.1
93,3,5,2,7,6.73,1,49.3
35,3,0,0,8,5.25,3,34.4
112,0,5,0,4,8.91,3,50
149,2,3,1,8,7.04,3,63
170,1,3,1,2,7.5,5,42.5
58,3,1,1,6,6.27,2,36.9
89,1,4,2,8,9.3,5,52.2
77,5,0,1,8,8.07,0,55.4
103,2,4,1,8,6.68,3,54.6
37,3,3,0,4,5.85,2,25.4
58,1,5,2,9,7.5,1,59.2
112,2,2,1,2,8.04,1,43.4
156,0,3,1,9,9.16,3,72.4
51,3,3,1,4,6.55,1,34.6
74,0,5,1,10,7.77,5,51.6
155,3,4,1,4,4.59,1,48.9
34,0,2,0,3,7.17,3,28.1
109,5,1,1,9,9.16,1,67.3
98,1,3,2,1,7,0,38.7
57,0,4,1,3,5.71,4,26.9
161,2,4,1,8,5.38,0,70.7
56,5,5,1,2,9.41,1,32.3
132,4,4,2,7,7.25,5,43
149,3,0,2,6,8.43,4,52.1
118,2,5,0,3,7.02,3,37.6
24,1,2,2,6,8.71,0,48.4
120,3,4,0,6,4.62,3,38.6
19,1,4,2,3,6.75,4,19.1
50,5,3,0,4,5.21,1,28.8
79,3,4,0,8,6.36,1,51.1
121,0,1,1,2,5.98,0,47
113,5,4,1,10,5.97,4,50.4
25,3,2,0,6,5.47,4,20.7
40,1,0,2,9,5.85,0,50.8
176,4,3,1,8,6.52,4,57.4
174,2,3,0,1,8.51,4,40.4
127,3,4,2,1,7.83,4,31.6
159,4,2,1,7,6.15,5,47.5
177,2,1,1,4,4.97,3,46.5
71,0,2,0,1,9.27,1,40.4
64,3,1,0,9,7.34,1,51.6
31,1,2,0,8,8.44,1,52
57,5,4,1,2,7.85,2,27.3
110,3,3,2,9,7.24,5,46.1
98,4,1,2,10,7.1,2,59
77,1,2,0,8,5.86,4,41.6
118,0,5,0,5,5.03,1,51.2
71,1,4,1,2,7.99,4,28.1
117,3,5,0,5,4.91,1,46.2
31,2,2,0,7,8.58,1,47.3
22,2,3,1,5,5.68,3,27.2
116,4,1,0,7,8.75,2,54.8
57,2,1,2,6,7.47,0,45.8
36,5,2,1,9,6.64,0,52
180,1,2,1,8,5.39,1,70.2
108,5,0,2,6,7.83,0,49.8
94,2,2,1,10,4.91,0,63.7
64,1,4,0,2,5.84,2,28.4
149,0,5,0,3,4.82,4,41
55,5,0,2,2,6.98,1,25.5
23,3,3,2,3,7.97,3,20.4
145,2,3,2,7,6.59,1,62.5
94,5,3,1,4,6.81,5,23.7
35,0,5,1,3,5.04,3,21.3
33,2,3,2,6,7.4,5,25.5
119,0,0,2,9,8.15,2,68.7
68,3,0,1,6,5.28,1,39
27,0,3,0,3,8.56,3,30.4
116,5,3,0,3,8.58,5,33.3
123,5,3,2,3,4.54,1,36.2
121,0,4,0,3,4.71,1,41.5
169,3,3,1,3,6.59,0,57
102,4,3,0,1,5.02,4,14.9
52,2,0,2,9,5.87,3,43.2
166,4,5,1,7,8.35,5,57.6
131,5,5,2,5,7.19,3,40.5
100,0,4,2,2,6.87,3,36.7
170,4,1,0,10,5.61,2,65.7
24,1,0,2,5,6.47,0,37
25,1,4,1,7,4.51,0,43.7
85,4,5,0,1,7.01,5,19
178,2,5,2,1,6.98,4,37.9
156,2,2,1,7,7.3,2,62.3
66,0,0,0,2,6.14,1,35.7
20,0,1,2,5,5.35,2,29.6
121,1,4,1,3,6.31,2,42.3
153,5,5,2,2,4.88,1,40.3
15,1,2,0,3,5.07,3,15.9
143,4,4,2,2,6.91,4,30.8
36,2,2,0,3,6.44,1,30.2
79,5,2,2,2,9.46,1,35
56,4,0,2,4,6.89,5,17.4
102,3,4,1,9,8.38,3,56.6
63,4,0,0,10,8.24,0,63.9
73,5,4,2,8,6.44,5,31.5
25,0,4,1,1,7.35,0,34.2
110,5,3,0,1,9.35,3,29.7
39,4,5,2,2,7.46,3,19.4
156,5,3,1,10,8.55,5,59.9
94,4,4,0,1,8.79,0,43
50,5,3,0,3,5.9,3,21
150,2,2,0,5,8.19,3,51.9
87,2,1,2,2,8.85,4,31.3
40,2,2,1,5,8.34,2,42.2
61,4,1,2,2,5.66,2,19.7
155,4,2,2,9,9.18,5,60.3
156,5,3,1,7,8.26,0,67
122,0,0,0,5,8.21,1,55.9
165,0,2,0,1,6.85,2,47
42,2,1,2,9,8.98,1,53.3
58,1,0,2,2,7.65,0,36.5
47,1,0,2,9,5.69,3,38.1
148,2,5,2,4,6.96,1,51.6
69,4,0,0,4,8.63,2,36
118,4,4,2,5,5.85,4,36.4
46,5,4,0,10,6.99,0,53.3
63,5,3,2,3,7.38,5,17.1
78,1,0,1,4,9.49,5,33.6
33,5,4,1,4,5.88,0,30.7
68,5,2,2,1,6.57,2,18.6
51,1,0,2,2,8.84,2,34.6
111,5,5,2,5,6.72,1,47.4
52,1,4,0,4,8.85,5,28.3
140,2,4,1,5,4.52,3,41.1
30,5,4,2,5,5.52,0,32.1
51,2,3,1,7,8.35,3,45.5
150,0,5,0,6,6.02,1,62.3
85,3,4,0,3,6.9,3,33.3
19,1,0,0,7,5.59,4,26.9
52,0,3,2,6,7.11,5,29.1
147,2,0,0,1,4.81,0,39.4
87,2,1,2,9,8.78,4,54.6
150,1,0,0,9,4.52,0,66.8
156,3,5,0,1,6.91,1,43
93,5,4,0,5,7.43,5,29.5
169,4,5,0,2,6.4,4,35.5
77,2,2,0,6,6.86,1,48.3
141,1,4,2,1,7.95,0,50.6
50,1,4,1,4,6.84,4,31.3
33,0,0,2,8,8.09,1,52.1
70,2,2,1,5,4.56,4,27.1
86,5,5,0,4,4.97,1,34.4
38,2,5,2,4,4.72,5,12.8
57,5,0,2,1,9.13,3,22.4
70,3,3,1,2,7.02,1,35.4
86,0,4,2,6,9.17,3,51.2
57,0,0,1,10,4.61,2,48.3
55,1,0,1,3,5.48,1,29.9
90,3,2,2,8,5.63,1,48
67,2,0,0,7,5.27,0,49
55,3,4,1,3,6.37,4,19.6
122,0,2,1,4,4.87,3,39
73,5,1,0,9,8.07,5,41.2
166,4,3,0,3,8.64,4,45
160,1,4,0,3,7.55,3,48.1
81,4,1,2,1,5.48,2,20
152,3,2,2,2,8.48,1,53.1
73,5,0,2,2,7.3,3,23.9
163,5,0,1,1,7.09,4,34.6
47,1,2,2,10,7.22,0,59
156,0,3,2,9,4.97,2,63.3
49,1,2,0,8,8.75,1,54.2
71,5,0,1,9,5.24,3,37.2
177,4,2,2,6,6.8,5,46.4
101,0,2,1,1,8.38,5,28
22,0,3,1,10,4.91,5,32.9
40,3,5,2,6,4.79,5,21
169,0,0,1,6,6.06,5,48.8
144,5,3,0,5,5.3,4,38.1
168,5,5,2,8,5.94,4,54.9
34,1,1,0,9,7.61,0,55.5
135,0,5,0,8,4.63,4,49.2
81,1,4,0,6,4.94,5,30.6
150,1,4,0,10,5.11,3,61.1
83,4,1,0,6,7.81,2,43.5
58,4,4,2,1,7.26,0,29.3
28,3,1,1,7,7.51,4,33
173,2,2,2,9,5.42,0,70.8
27,0,4,0,9,5.12,4,38.5
16,2,0,2,5,9.31,5,22.3
136,3,1,2,4,6.39,1,48
31,3,3,1,3,7.86,1,32.6
173,5,3,2,3,7.11,5,36.7
93,3,3,1,1,5.71,3,24.7
48,2,0,2,9,6.65,0,51.7
79,0,4,1,7,5.96,5,38.1
105,2,3,1,3,6.52,1,43.9
109,2,5,2,3,5.97,5,24.4
36,3,4,0,7,8.46,2,42.8
150,4,2,1,2,6.34,4,35.4
147,1,3,0,3,6.83,5,35
102,0,3,2,1,9.47,2,40
70,1,3,1,9,5.79,2,53.8
46,3,0,1,3,8.53,0,36.5
168,3,5,0,2,7.22,4,43.9
76,4,2,2,4,6.96,1,37
97,1,2,0,1,8.12,0,46.8
171,4,4,0,7,4.98,4,50.9
156,5,5,1,1,9.06,1,51.1
22,4,2,0,7,5.06,1,35.2
149,0,1,2,7,6.17,5,51.2
82,5,3,2,2,9.3,3,31.7
173,5,1,0,6,7.55,2,56.3
29,0,3,2,2,8.54,4,22.9
162,2,2,2,5,5.63,3,48.9
102,0,5,1,7,5.47,5,40.5
70,4,5,2,3,4.87,3,19.6
101,3,2,1,5,9.17,5,42.5
90,1,5,2,7,9.2,0,66.7
176,0,3,1,8,9.18,3,74.6
26,4,0,1,2,8.23,3,20.9
19,0,1,1,9,8.92,2,52.5
170,0,2,0,3,7.92,0,63.8
69,0,1,1,5,8.99,2,46.9
125,4,5,1,7,7.36,3,53.4
139,3,5,2,3,7.61,4,41.1
89,5,2,1,4,6.02,4,24.2
150,3,1,0,5,5.69,5,41.1
150,1,4,1,4,5.67,2,50.8
46,0,2,2,6,6.76,5,27.5
27,4,3,2,10,8.04,2,45.2
61,0,0,0,5,7.41,1,44.6
168,5,5,2,7,8.33,4,57.8
90,4,0,2,10,8.23,5,48.4
131,0,5,0,3,7.18,2,49.8
178,4,1,1,6,7.33,2,58.5
143,2,5,2,4,9.27,1,57.4
72,2,1,0,7,7.32,0,54.1
20,4,4,1,7,7.7,3,35.2
22,5,4,1,4,6.05,5,9.6
170,1,3,2,10,9.04,5,67.8
148,1,0,2,1,8.68,2,47.5
103,3,0,1,3,9.01,4,37.2
102,0,5,1,7,7.45,2,58.9
52,3,0,0,2,8.42,3,25.5
103,3,0,1,4,4.57,3,32.7
40,5,0,1,4,8.54,2,31.3
45,2,1,0,7,7.21,1,46.5
94,4,3,2,1,8.77,1,35.1
72,0,2,2,9,6.67,3,53.9
114,0,2,1,7,7.02,0,63.6
64,4,3,1,1,9.23,3,26.3
171,5,3,1,5,7.65,0,64.8
97,0,4,0,3,8.81,4,37.9
164,3,0,0,3,4.75,2,39.9
86,2,2,0,8,6.71,2,51.5
29,5,4,1,7,8.31,3,36.4
167,1,3,1,9,8.49,5,68.3
175,3,4,1,3,7.33,4,43.2
82,0,4,2,9,5.81,1,55.5
131,1,2,1,6,6.29,1,57
117,0,4,2,2,6.82,1,46.2
57,5,2,1,10,5.32,3,39.8
123,1,5,2,6,5.16,3,46
103,3,2,1,4,6.74,5,31.7
93,2,5,1,3,8.82,2,42.1
116,2,5,1,2,6.66,2,42.7
75,3,1,2,5,8.66,3,39.3
42,1,4,2,8,7.84,1,53.5
34,0,1,2,2,8.89,4,24.6
61,0,0,1,5,7.1,3,36.4
154,2,0,0,10,6.69,3,68
74,4,1,1,9,5.39,5,39.3
119,0,3,1,10,8.25,5,58.7
165,4,0,2,7,6.51,0,63.6
30,3,4,1,7,7.09,1,44.5
18,2,2,0,9,5.22,5,30.5
61,1,0,0,6,7.87,0,54.6
108,0,3,2,8,9.19,5,52.4
160,1,0,1,9,7.76,1,73.7
161,1,3,2,7,9.34,4,65.2
157,4,5,2,5,5.68,4,42.4
88,4,2,1,3,8.96,0,49.7
23,4,0,2,4,7.81,4,18
168,5,0,0,9,9.35,5,58.5
170,2,0,2,9,7.27,0,77.4
87,2,4,2,9,7.04,0,63.1
127,0,3,1,4,8.98,3,52.5
137,1,5,2,3,4.63,4,33.3
112,0,5,1,8,6.97,4,55.2
153,1,5,2,7,7.03,5,54.6
48,2,5,2,4,6.97,5,19.5
179,4,3,2,9,4.5,5,48.3
175,1,3,1,5,8.92,5,58.2
107,3,4,2,10,6.16,3,54.6
22,5,2,1,5,9,1,38.8
102,2,3,0,3,9.17,3,41.2
115,1,1,0,10,5.97,5,50.8
49,5,5,2,10,8.73,3,50.7
71,1,5,2,2,6.2,1,32
98,1,5,0,8,5.39,2,52.1
162,1,4,2,4,8.84,1,61.7
170,5,3,1,4,8.8,4,46.2
115,2,3,1,8,7.09,3,57.6
158,2,2,2,6,8.28,5,50.3
81,1,2,1,5,7.64,0,56.1
146,4,2,1,8,7.5,1,63.8
148,5,3,2,4,5.85,0,45.8
108,1,4,0,2,6.13,3,30.5
98,1,2,1,3,6.33,1,45.3
136,5,5,1,4,8.49,3,48.7
26,0,5,0,3,7.99,5,24
87,0,2,0,3,6.78,4,32.9
46,5,5,2,8,7.31,4,35.7
48,3,2,0,6,5.15,4,26.1
104,3,1,1,6,7.29,3,45.5
98,4,5,0,8,7.19,2,51.8
57,1,4,2,6,7.05,5,33.5
86,4,0,0,10,6.61,2,55.4
96,5,5,0,3,7.01,2,37.3
45,0,0,0,6,4.63,0,43.6
25,1,3,0,4,7.43,1,31.9
75,1,0,1,6,8.84,0,56.1
97,2,4,1,9,5.52,5,43.6
61,5,2,0,5,5.92,4,24.2
113,3,5,2,8,5.22,5,43.2
71,3,4,2,8,8.1,2,51.1
53,5,2,1,6,8.73,5,32.4
109,2,1,1,9,5.59,1,61.6
42,5,1,1,2,5.13,4,7.2
180,0,0,0,10,4.96,3,70.2
38,4,1,0,5,6.95,1,35.7
133,2,2,2,3,8.33,3,44.8
37,5,4,1,3,9,3,25.7
81,5,3,2,5,6.92,3,29.9
161,0,3,1,10,4.95,5,61.3
112,5,5,1,2,6.46,4,28.9
127,0,0,0,3,4.82,5,27.7
128,5,0,1,10,7.78,1,70.1
22,2,1,1,3,7.38,4,22.5
69,5,4,1,2,8.16,2,30.6
164,0,0,0,4,7.27,1,58.6
57,2,0,0,4,8.45,4,28.7
157,2,3,0,2,6.95,5,34.7
141,1,1,0,5,5.74,0,58.3
81,2,5,0,10,8.08,0,67.1
129,4,5,0,1,5.43,1,34.4
56,0,3,1,10,6.84,4,52.2
43,1,4,2,6,5.19,4,29.5
147,1,1,1,1,8.56,0,52.8
108,3,0,2,1,7.24,1,31.8
26,2,5,0,10,8.55,5,45.2
147,4,5,2,8,6.25,1,62.8
110,5,5,0,3,5.68,4,25.7
30,0,1,1,5,9.39,1,49.7
180,0,5,2,6,5.05,0,66.8
56,1,0,2,2,4.61,1,25.1
57,5,5,2,6,7.82,0,44.2
137,2,0,2,9,5.46,4,53.5
16,4,4,0,2,5.55,4,6.4
170,0,1,0,1,7.67,5,37.7
68,1,2,2,8,6.55,5,36.4
44,4,0,2,2,5.08,3,11.1
48,1,2,1,10,8.11,3,52.6
102,5,0,2,8,9.16,1,60.7
69,0,3,2,4,6.66,2,35.6
18,5,1,0,5,8.38,0,34.6
87,1,2,1,5,4.61,4,33.6
175,4,1,0,1,7.38,2,46.9
53,4,3,0,3,4.59,4,11.3
108,2,0,0,2,8.55,5,31
69,5,0,2,10,6.23,5,36.9
19,0,1,0,2,5.21,1,22.5
106,4,3,2,6,6.44,1,45.2
21,2,2,2,3,4.63,3,16.7
123,0,3,2,3,6.9,4,37.5
30,1,5,2,1,6.72,5,13.1
125,3,5,1,7,5.64,1,58.6
150,5,2,0,6,5.81,1,55.4
176,5,2,1,5,4.66,0,54
172,2,4,0,10,9.07,5,69.4
123,2,5,1,6,6.71,5,45.1
104,2,3,0,3,9.23,2,45.3
42,1,3,0,7,4.51,0,42.8
45,4,2,1,4,4.63,5,15.2
156,1,2,0,7,5.88,0,67.8
123,4,2,2,1,7.08,5,23.8
129,0,1,2,1,8.84,0,55
30,3,2,1,9,4.71,3,33.2
28,3,0,1,6,4.9,0,37
88,2,5,0,8,6,3,45.6
65,0,2,2,7,5.41,4,38.9
105,3,4,2,7,7.48,3,45.1
45,4,2,0,4,9.5,1,40.7
55,3,3,0,7,6.68,1,41.7
164,0,5,1,3,8,3,52.1
29,2,4,0,7,5,2,34.2
21,0,2,1,8,7.44,5,36
79,0,2,2,5,7.43,4,40.1
156,0,0,2,5,7.37,2,56.2
31,2,1,1,5,7.55,4,25.7
165,2,0,2,8,9.15,3,68.9
150,3,0,1,2,5.49,4,31.6
45,3,4,2,9,8.25,0,55.7
112,0,1,1,8,5.93,0,65.3
161,2,1,1,3,8.31,3,49.2
146,5,5,2,5,7.41,0,60
129,0,2,2,5,5.33,3,47.2
50,0,1,0,1,7.08,4,22.1
42,0,4,1,3,7.8,5,21.7
175,2,2,2,2,5.68,5,35.8
172,4,5,2,9,8.92,4,66
52,0,2,0,1,8.15,4,23.9
165,2,0,2,1,8.58,0,56.5
117,2,3,2,3,5.3,0,42.5
106,4,5,2,4,7.36,3,40.4
110,3,2,2,3,4.81,0,38.1
26,3,4,0,8,7.83,1,48
112,4,2,0,10,6.52,5,50
55,4,4,2,10,5.85,1,50
123,4,5,1,8,8.13,3,58.1
137,5,0,1,5,4.72,2,39.3
45,2,2,2,7,5.06,3,29.7
156,5,1,1,8,5.92,5,48.1
72,2,0,0,6,5.04,3,34.1
179,3,1,0,1,8.92,3,48.3
87,4,4,0,9,5.74,2,51.7
124,0,3,0,9,6.06,0,69.3
54,4,3,1,7,5.21,2,36.3
77,5,4,0,9,7.23,0,56.9
161,1,3,2,7,7.16,4,54.7
25,3,1,0,7,6.9,4,29.1
162,0,4,1,10,8.67,0,87.2
69,0,5,2,4,6.29,4,31.7
56,1,0,0,2,5.66,3,22.5
15,2,1,1,1,9.09,2,24.5
39,3,3,2,1,9.05,2,26.7
86,2,4,1,5,5.12,0,45.2
23,1,0,0,5,4.64,4,18
31,3,0,0,2,8.36,1,29.3
167,4,5,2,1,7.23,5,28.6
117,3,5,1,2,5.86,3,31.2
147,0,1,0,10,5.42,3,65.9
82,4,4,2,9,7.59,1,57.1
163,3,0,2,9,6.7,4,57.4
94,5,2,0,6,7.44,2,46.3
27,0,2,2,3,8.11,5,19.3
137,2,1,2,7,8.95,0,69
33,3,2,0,1,5.64,4,8.9
157,3,1,0,6,5.74,5,44.1
40,4,5,0,6,6.36,0,40.1
16,0,2,2,10,6.01,1,48.5
163,2,1,1,5,9.1,3,61.2
85,5,5,2,7,6.66,3,37.1
126,2,1,1,5,6.07,2,48.4
128,2,5,1,10,6.75,2,69.3
71,1,5,2,1,6.63,1,33.6
109,2,4,0,3,8.77,1,50.7
101,5,3,1,2,6.48,2,30.8
103,1,2,1,7,5.3,1,51.9
53,2,1,0,7,9.32,3,47.5
136,2,4,1,6,7.57,3,51.3
35,1,3,2,2,4.96,4,13.4
79,4,5,2,7,9.47,0,60.3
152,0,2,0,10,7.08,3,71.1
141,4,1,1,2,5.36,4,31.7
106,3,2,0,8,5.17,5,38.8
82,1,0,0,2,5.24,0,37.7
28,1,5,0,4,8.18,3,30.7
125,2,0,2,7,8.83,4,49.7
156,2,0,1,6,9.42,4,56.5
47,0,0,2,4,7.02,2,33.1
83,0,2,2,7,5.77,5,36.7
134,2,0,1,4,8.73,0,57.8
64,1,0,0,5,8.35,4,37.9
140,5,5,2,2,6.75,3,35.6
77,5,3,2,3,6.95,0,33.6
157,4,4,2,3,8.6,3,45.2
18,5,5,1,2,7.53,3,19
25,2,3,2,4,4.67,4,16.6
73,2,0,2,9,8.65,2,56.7
73,2,1,0,1,4.68,5,12.5
41,4,2,2,7,6.7,4,28.4
32,3,3,1,5,5.77,5,20.8
81,2,4,1,9,5.55,4,47
31,3,5,2,4,6.75,4,18.1
179,5,0,2,6,5.7,4,43.1
152,3,5,2,5,8.87,5,47.2
174,4,5,0,10,7.14,1,78.7
168,0,3,0,8,7.39,1,76.6
41,2,4,2,3,5.77,1,24.7
37,5,5,2,7,8.05,1,40.7
67,4,0,1,10,6.75,4,43
160,0,1,1,9,7,3,72.2
55,4,1,1,9,8.83,0,61.3
157,1,1,1,2,4.72,0,46.4
73,1,2,1,2,7.96,3,33
112,0,2,1,9,8.71,4,63.9
157,5,4,2,7,5.11,4,41.5
90,1,3,0,2,5.94,5,20
156,2,3,2,4,7.71,0,60.3
27,3,3,0,9,7.71,1,47.3
119,4,3,2,2,4.67,1,32.9
19,3,4,1,1,6.35,2,18.3
165,3,4,1,6,4.6,5,39.8
125,5,4,0,5,4.96,0,48.8
115,2,3,1,2,8.02,1,48.3
15,3,5,0,2,6.49,4,10.1
173,3,2,2,10,4.58,4,60.2
125,3,5,1,5,7.27,3,47.8
160,4,5,0,3,6.44,3,44.2
150,1,5,0,9,7.28,5,60.5
135,4,0,2,8,8.41,0,66.2
109,4,4,1,6,6.77,0,54.8
111,0,0,2,4,5.13,0,44.9
106,3,0,2,10,7.3,1,62.5
92,0,5,1,10,6.34,1,69.5
133,2,3,2,6,9.36,0,66.4
131,2,0,1,3,6.94,3,41.5
34,0,5,2,9,5.22,0,52.2
166,3,1,0,5,5.39,1,55.3
137,2,5,2,2,6.75,5,33.5
82,5,0,0,5,9.08,0,51.1
103,5,3,0,8,8.67,0,60.8
144,1,2,2,3,5.13,2,42.8
15,5,5,1,1,4.82,3,3.2
102,3,3,1,8,5.36,1,51.8
135,1,5,1,9,7.56,5,61.5
86,0,2,1,8,7.1,4,48.6
82,5,4,1,2,5.18,3,17.6
153,2,2,0,2,4.79,2,42.3
179,5,2,1,2,7.37,0,55.4
133,0,0,1,6,5.43,0,61.8
26,5,3,1,8,4.77,4,22
26,0,4,1,7,7.47,5,30.6
138,2,0,2,2,8.89,4,40.6
158,5,3,2,5,5.64,5,33.1
160,4,4,0,10,7.28,1,75.5
120,2,1,2,5,5.9,3,43
120,5,2,2,9,9.13,3,57.2
94,4,2,1,2,4.68,2,23.8
105,4,0,2,7,5.61,1,44.5
90,1,0,0,8,5.78,1,52.9
53,3,5,1,7,8.81,4,41.4
124,3,1,2,9,5.6,5,48.5
91,4,5,1,9,6.02,1,55
73,3,0,0,7,9.08,4,40.4
100,0,4,0,5,8.02,3,47.1
173,2,3,1,6,9.3,1,70.4
61,5,2,2,1,7.2,2,23.3
98,0,2,0,5,8.15,5,44.4
41,1,2,1,2,6.81,4,23.4
39,4,0,1,3,6.14,2,23.6
128,5,4,1,3,5.34,0,42
173,2,1,0,5,7.99,0,69.4
15,0,0,1,3,6.69,2,27.7
159,2,2,1,3,8.8,5,48.2
35,2,2,0,4,8.81,1,42
103,5,0,2,10,5.8,5,43.6
101,0,4,0,1,9.28,3,36.5
128,5,1,1,8,7.47,0,67.1
166,5,3,2,1,9.07,5,35
31,0,2,0,5,9.29,4,34.4
92,5,2,1,10,5.09,2,50.4
23,1,4,1,9,7.56,2,45.9
153,2,0,2,2,9.28,5,38.2
172,4,1,2,6,6.23,1,61.2
160,2,1,1,6,6.44,0,63.2
139,4,5,1,1,6.49,3,36.1
155,0,2,2,7,8.09,3,62.5
76,3,5,0,3,8.08,1,41.6
160,2,3,2,6,8.81,0,67
140,3,4,1,6,6.14,1,54.3
104,0,2,0,4,9.43,2,52
115,1,3,1,8,7.19,1,64.3
175,1,0,2,3,5.59,1,50.5
39,0,2,2,1,7.36,5,17.2
122,5,2,0,4,4.53,4,28.3
120,4,3,1,1,5.26,0,33.2
115,3,1,1,10,9.14,2,71.9
100,3,3,2,9,8.45,4,51.9
159,1,2,1,10,8.18,3,73.8
116,0,1,1,7,7.86,1,66.6
51,3,3,0,9,5.43,2,42.7
133,0,0,2,3,4.51,3,33.4
103,1,1,2,9,4.53,1,55.5
58,0,0,2,3,4.84,4,21.3
148,4,4,2,1,7.93,4,30.2
42,0,5,0,4,7.18,2,36.8
35,5,5,0,10,8.25,5,41.7
57,5,0,1,7,7.28,0,48.3
101,1,4,2,10,8.79,0,74.5
111,4,1,2,10,6.9,1,64.2
85,2,3,1,2,9.48,1,42.1
137,1,2,1,3,7.26,4,41.3
47,5,1,1,3,4.8,0,25.2
139,2,0,1,3,9.12,4,46.4
31,3,3,2,10,8.05,5,35.4
47,5,0,2,1,5.14,5,0
27,2,0,2,3,5.6,1,21.2
127,3,3,1,2,5.72,5,23.6
48,4,2,0,6,8.93,3,37
65,0,0,1,6,8.08,4,39.9
127,3,4,0,7,9.02,0,68.4
72,1,2,2,1,7.76,4,21.3
33,3,3,0,10,4.7,1,44.8
150,1,2,1,5,5.74,5,43.7
85,0,5,0,7,5.31,4,39.1
66,0,4,0,1,7.01,2,29.1
109,3,4,0,1,6.42,5,19.9
54,0,5,2,7,6.31,0,50.6
88,2,3,2,1,6.7,3,23.9
65,5,3,2,4,8.09,4,25.2
17,2,0,2,7,5.34,1,31.5
58,3,1,0,2,4.94,1,22.9
120,5,1,2,6,9.2,4,46.7
83,5,1,1,9,8.75,5,48.1
25,4,0,0,10,9.25,4,40.6
174,3,1,2,4,8.12,5,43.1
168,4,0,0,5,5.6,4,41.6
76,1,0,0,8,9.37,1,63.7
29,2,5,1,4,5.73,1,34.1
23,5,1,1,2,8.03,2,23.1
150,3,4,1,6,9.4,2,62.9
134,5,4,2,10,7.88,3,59.7
131,3,5,2,5,8.11,5,41
66,2,1,0,6,7.32,2,42.7
167,4,4,1,7,5.54,2,55.3
60,2,3,0,1,7.18,0,32.8
173,2,5,1,6,5.43,3,56.4
97,2,5,0,7,6.01,3,44.1
76,0,4,0,3,5.7,5,24.3
45,2,1,0,2,9.17,2,29.3
82,5,5,2,4,5.74,1,36.8
44,2,3,0,4,8.09,0,41.4
120,1,0,0,4,5.02,5,32.8
22,4,0,2,2,6.98,4,11.4
57,1,2,1,6,8.15,3,41.2
157,2,3,1,4,6.31,5,39.2
60,3,5,0,5,5.84,5,24.8
142,0,2,0,4,7.71,1,61.2
21,5,5,0,6,8.88,1,37.7
128,3,4,1,10,6.65,5,53.3
63,1,4,1,2,5.89,0,36.5
26,5,0,0,3,8.57,4,14.7
109,2,0,2,1,4.68,1,29.1
60,5,1,1,5,5.43,3,27.5
64,0,4,1,10,6.01,4,50.5
46,1,4,2,2,6.97,1,32.5
65,0,1,0,10,6.23,5,43.6
115,1,0,1,10,7.72,4,62.1
139,1,3,1,6,9.33,2,66.2
69,1,1,1,3,7.7,3,32.8
172,1,5,2,10,5.37,2,70.6
136,5,0,1,6,5.63,1,49.5
37,4,3,1,8,6.49,0,46.8
132,0,5,1,7,7.54,0,72.9
55,1,4,1,2,4.57,0,28.4
40,2,0,2,4,8.96,4,29
176,1,0,1,8,7.83,5,61.7
82,4,3,0,8,5.5,3,41.9
48,1,1,1,3,5.21,1,33.2
145,0,0,1,10,5.96,1,72.4
159,1,0,2,3,5.39,2,44.1
111,1,5,0,4,6.36,0,54.4
77,5,0,0,4,4.83,5,13.4
29,2,4,2,8,5.88,1,38.6
95,1,5,0,2,7.77,2,37.5
33,1,4,1,7,7.81,4,39.3
117,1,5,2,8,7.78,3,55.7
85,3,2,0,6,5.76,0,50.1
175,5,2,0,2,6.64,5,32.1
34,4,0,0,6,6.64,0,38.9
38,4,0,0,10,9.42,4,44.7
155,3,3,1,1,6.89,0,50
19,2,1,0,3,7.83,0,34.5
142,0,1,2,2,5.25,0,50.3
161,1,0,0,10,6.52,4,65
131,3,2,2,9,6.87,0,66.3
140,3,1,1,10,9.43,1,76.1
114,5,2,0,6,7.98,4,42.8
136,5,5,0,6,5.69,5,39.7
176,5,5,2,5,5.52,4,40.7
112,2,3,1,1,9.27,5,32.5
163,5,3,1,4,5.12,0,48.9
165,0,3,1,6,6.93,3,58.9
87,4,0,0,5,6.9,5,25.4
50,3,5,0,7,6.03,4,33.5
126,3,4,0,10,6.74,3,62.8
37,3,1,0,6,6.63,0,40.2
99,0,2,0,4,6.27,5,31.5
65,0,5,2,7,9.38,4,47.9
62,3,4,1,2,8.91,4,27.6
50,4,0,0,4,6.11,0,34.7
166,3,0,1,3,6.34,0,52.4
56,3,4,2,4,6.63,1,37.1
95,4,3,2,10,8.75,4,55.3
171,3,3,0,7,7.79,1,67
99,2,3,2,4,6.04,2,39.5
93,4,2,0,10,9.14,4,54.9
170,1,0,0,5,7.39,2,58.1
84,3,3,1,9,8.3,5,48.6
58,1,1,1,10,6.14,3,48.3
137,5,1,2,9,7.71,4,54.5
84,0,1,1,2,9.34,4,36.3
30,5,1,1,8,8.31,3,37.7
147,2,1,0,7,6.35,3,56.7
48,1,2,1,1,4.71,2,20.3
92,3,2,1,10,5.62,0,64.9
51,5,3,1,3,8.39,1,34.7
133,2,4,0,9,8.03,3,61.7
164,2,0,2,8,9.32,4,66.7
35,4,5,1,2,5.81,2,19.9
63,2,0,0,7,6.44,0,47
153,4,3,1,4,5.98,1,47.8
119,1,0,2,3,4.67,1,37.2
132,2,1,0,7,5.54,0,57.6
74,5,4,2,10,6.58,5,40.4
116,4,2,1,9,8.46,5,51.9
51,4,3,0,10,9.3,1,61.1
37,5,0,0,8,8.95,0,50.1
63,0,3,1,6,4.79,1,43.2
108,0,1,1,9,7.55,2,64.9
101,1,4,0,3,5.49,1,40.2
54,4,1,1,3,4.58,2,21.2
42,1,1,1,4,4.61,1,29.7
134,3,2,2,2,7.85,3,40.4
108,0,4,0,3,8.38,4,41.2
95,1,0,1,3,5.89,2,34.9
35,1,1,2,10,7.28,2,53
58,1,2,1,5,8.08,1,44.7
153,2,4,1,10,8.55,0,80.8
56,1,0,1,5,4.76,2,30.2
120,2,0,2,8,8.15,0,68.8
136,5,0,2,8,6.11,2,51.7
174,4,1,0,1,6.43,5,30.9
152,3,1,2,8,7.64,2,63.6
31,1,1,0,10,4.7,4,38.8
102,3,4,2,5,8.06,4,40.5
52,1,4,1,4,6.76,0,44.3
40,1,2,1,1,5.1,3,18.9
25,1,0,0,9,6.58,5,34.3
33,3,2,0,5,7.97,5,27.1
168,1,3,1,10,9.36,4,73.9
105,1,5,0,2,6.97,1,40.8
141,3,0,0,4,5.6,3,37.7
20,2,3,1,3,5.06,1,22.4
97,5,3,2,7,8.75,1,55.8
15,5,5,1,4,9.38,2,29.6
19,2,5,2,8,7.04,4,36.1
18,2,4,1,3,4.55,2,19.1
111,4,0,0,2,7.56,2,33.3
129,3,3,2,3,6.49,5,30.1
55,4,0,0,7,5.67,1,39
142,3,3,1,3,9.06,4,42.1
122,0,4,0,9,4.92,4,50.3
109,4,0,1,3,7.46,0,43.1
120,1,2,1,10,6.09,5,56.3
117,1,4,1,8,7.84,1,67.4
59,4,0,0,3,4.71,3,15
81,4,5,1,9,6.2,1,53.1
42,1,0,2,1,4.72,4,8.6
72,5,1,1,2,5.38,1,23.5
59,0,3,2,5,7.06,0,48.2
152,1,4,2,7,7.18,3,57.6
17,0,5,1,9,6.13,4,39.2
114,2,3,1,1,4.71,3,23.8
143,3,4,2,9,6.9,2,63.2
114,5,4,0,7,8.24,5,40.2
126,5,1,1,5,7.79,0,56.2
126,1,1,1,4,5.42,2,46.2
26,2,1,2,5,7.16,0,37.2
139,4,5,2,2,4.95,4,26.6
119,4,5,2,10,5.89,5,48.2
56,4,0,1,2,8.18,0,32.3
125,3,4,1,3,8.03,0,49.8
65,5,1,2,6,5.47,3,26.8
39,0,3,2,1,6.13,1,23
150,1,5,2,1,9.18,4,43.4
121,4,1,2,10,8.34,0,69.1
116,4,0,0,3,8.61,3,41.3
73,1,5,1,9,7.55,3,56
67,1,4,0,2,7.03,5,18.7
176,4,4,1,7,6.77,1,65.7
93,0,2,1,4,5.28,4,35.6
66,1,0,2,3,5,4,22
72,2,1,0,10,8.14,0,66.7
98,5,0,2,1,6.53,3,20.6
39,5,2,0,6,8.63,1,38.4
152,4,2,2,5,5.74,0,55.3
134,4,4,0,2,6.8,4,32.3
105,4,4,2,9,7.72,4,51.1
104,5,4,1,1,9.45,5,23.8
115,3,3,2,7,7.17,1,56
105,4,2,1,6,6.74,2,47.8
166,4,1,0,6,5.62,2,54.4
175,5,2,0,5,8.93,4,55.2
20,3,3,2,8,5.21,4,25
166,2,2,0,10,7.59,3,69.1
15,4,5,0,5,7.93,3,25.5
105,5,5,2,5,6.53,0,49.9
64,4,5,0,2,6.55,1,28.1
132,4,0,0,4,6.49,4,35.6
151,0,4,0,10,7.17,2,73
17,4,1,2,9,8.53,0,49.3
58,0,2,1,7,5.2,3,37.6
117,2,5,2,1,4.59,4,20
151,2,3,2,2,8.35,0,54.6
153,4,5,1,1,6.15,2,39.6
153,4,1,2,10,8.18,2,72
42,4,3,0,4,4.57,3,19.5
18,0,2,1,1,7.9,5,13.9
118,0,5,2,6,7.73,0,66.6
106,3,3,1,9,5.81,4,46
127,4,0,0,7,6.74,0,58.7
137,5,2,2,2,7.15,1,40.6
179,0,2,1,4,6.64,5,47.3
74,2,3,0,5,5.16,4,30.7
115,3,3,2,6,9.27,4,50
117,2,1,0,1,6.39,1,35.2
103,4,5,0,8,5.18,3,46.4
62,1,2,2,1,6.16,1,30.6
180,5,3,0,1,5.79,2,38.2
114,2,5,0,6,6.36,1,54.4
98,1,2,1,9,5.63,0,64
35,1,3,0,6,5.59,1,38.8
167,0,2,2,4,6.47,5,43.1
38,0,0,0,4,9.12,5,26.5
133,3,1,0,5,7.18,4,44.6
173,2,5,0,6,7.27,1,65.1
93,1,0,0,3,8.06,2,38.9
44,4,3,0,6,7.57,3,30.3
101,0,5,2,1,6.32,4,24.6
129,3,3,0,8,5.65,2,55.2
106,1,3,0,9,8.16,5,51.9
133,0,3,2,5,8.01,4,48.6
81,2,5,1,1,6.17,3,25.4
22,1,1,1,9,5.59,0,52.1
32,5,1,1,9,9.09,1,51.1
24,4,4,2,9,8.95,4,36.2
59,3,5,0,4,4.55,4,20
95,5,2,0,3,5.11,5,16.8
98,5,1,0,4,6.91,4,27.1
146,4,2,0,7,7.93,1,62.2
112,3,2,2,8,6.71,3,53.3
166,3,5,1,5,5.62,3,48.1
169,4,3,0,7,5.81,2,54.5
165,4,5,1,1,5.06,4,31.2
102,3,1,2,1,7.16,1,36.3
102,1,2,2,2,7.2,3,35.3
89,2,1,2,5,6.45,5,33
147,2,5,2,10,8.12,4,65.2
58,4,3,0,6,7.68,4,31.3
148,1,5,2,2,8.71,0,55.9
33,3,0,2,8,8.16,4,36.5
176,0,1,0,9,7.2,5,65.8
130,0,4,1,6,8.25,4,53.5
82,2,2,0,4,6.63,1,42.1
115,4,2,1,3,8.13,5,29.8
150,4,3,0,9,5.07,0,65.6
171,3,5,1,5,9.23,2,65.3
20,5,5,2,10,7.65,1,49.5
128,3,5,1,6,6.08,4,46.6
123,4,1,1,6,4.95,5,33.2
144,4,2,2,8,9.31,0,74.3
96,1,1,2,7,4.6,5,32.2
162,1,5,1,1,5.74,4,34.6
161,3,3,1,6,6.25,1,61.2
25,4,2,2,9,6.14,4,33.4
143,5,2,1,5,6.14,1,49.7
133,1,4,1,6,9.16,4,56.2
112,3,1,0,2,5.59,2,32.5
168,3,5,1,4,6.27,4,43.2
16,5,3,2,6,9.38,3,27.9
177,2,4,2,4,4.93,2,51.4
111,1,5,0,10,5.43,2,63.3
44,0,4,0,4,6.46,5,24
49,4,1,0,8,5.41,0,47.3
154,4,4,2,7,6.55,2,58.5
90,1,5,1,7,8.54,2,55.3
120,0,2,1,10,9.5,3,76
97,5,1,0,9,8.86,5,50.1
119,2,2,0,2,4.69,5,23.1
15,1,4,1,1,5.82,3,12.6
123,1,5,1,5,7.67,5,43.1
44,4,5,1,10,6.08,1,53.6
162,3,5,1,7,6.98,2,64.5
170,5,0,1,10,5.37,4,57.9
86,4,5,0,5,8.86,2,43.6
75,2,5,2,8,5.18,3,39.6
83,1,2,2,7,8.53,4,50
42,3,3,2,1,5.52,1,19
148,0,5,0,4,7.24,3,53.1
106,4,1,2,4,5.57,2,36.6
130,0,3,1,4,8.09,4,44.4
43,2,1,2,7,9.35,1,50.9
116,1,3,0,3,9.35,2,47
58,1,2,2,1,8.12,2,29
49,0,3,0,2,4.6,5,13.2
166,5,3,1,10,5.58,2,64.2
76,4,0,1,1,7.61,5,17
40,5,1,1,5,7.22,3,25.1
157,3,1,2,7,9.41,4,58.6
61,1,3,1,8,8.71,1,56.5
18,2,0,2,4,5.36,0,25.5
174,0,2,1,5,6.41,3,55.9
112,1,2,0,1,5.25,3,28.2
58,0,1,1,1,7.47,1,33.4
121,5,1,1,10,6.3,3,58.7
164,0,2,0,8,6.88,2,67.1
39,3,1,1,6,9.28,4,39.2
21,3,1,2,8,4.95,0,40.4
58,1,2,1,4,7.2,3,35.2
145,3,2,2,7,6.98,1,59
79,2,0,0,7,8.46,3,45.3
57,4,2,0,1,6.77,2,20
28,1,1,0,5,8.78,1,40.6
51,0,0,0,1,5.22,1,22.8
165,2,2,1,1,7.42,2,48.4
129,3,1,0,10,4.61,5,45.9
179,5,3,0,2,5.62,1,44.2
35,5,4,2,5,8.1,0,40.8
49,2,3,2,6,7.42,2,36.8
24,1,2,1,10,7.84,2,55.9
152,4,2,1,7,7.2,3,59.5
88,5,5,2,7,5.78,4,34
146,5,4,1,4,6.82,0,55.6
143,4,3,0,8,5.79,4,50.1
127,5,5,1,10,5.05,0,64.9
173,4,1,1,7,6,0,66.4
150,1,4,2,3,8.67,2,56.2
86,4,3,2,7,5.85,0,48.4
45,1,5,2,7,6.09,3,35.6
17,1,2,1,4,8.22,3,31.4
52,0,3,0,1,8.89,1,32.5
20,0,5,2,7,5.74,2,38.5
118,3,1,2,2,7.56,0,45.1
161,4,2,1,5,5.1,0,53.5
38,3,5,2,3,8.6,1,35.3
66,3,0,2,9,9.23,4,49.1
173,0,4,1,9,8.48,2,78.5
36,4,4,0,5,6.44,0,33.4
167,4,5,0,4,5.75,0,57.9
77,3,2,1,9,8.91,2,56.9
169,4,0,0,5,6.15,1,56.3
94,1,2,1,5,8.52,5,38.2
107,1,3,1,5,6.56,0,54.2
111,4,5,2,5,5.92,5,29.3
118,3,4,1,1,4.98,4,20.4
179,5,2,1,9,9.05,5,64.4
50,5,1,2,8,7.48,2,44.4
53,3,1,1,9,6.23,0,54
98,1,4,1,6,7.69,1,55.7
55,1,3,0,1,4.54,0,23.7
39,4,1,2,6,5.04,0,36.1
32,5,1,2,6,6.23,0,34.1
116,0,2,1,8,7.51,1,64.8
124,3,2,1,2,5.14,1,38.4
132,0,2,1,3,5.5,1,49.2
175,3,2,0,2,5.13,5,34.9
151,5,3,1,8,8.18,3,61.2
72,5,3,0,7,8.13,2,45.6
51,3,4,1,5,6.41,0,39
37,2,1,1,6,7,5,29.6
67,5,3,0,3,5.8,2,24.8
122,0,4,0,9,5.35,2,62.3
47,3,0,1,7,6.77,0,47.1
122,5,4,0,7,9.26,1,59.4
34,4,4,0,9,6.71,2,44
90,3,4,1,3,7.39,5,25.4
18,0,4,1,9,6.02,4,37.8
92,1,1,1,6,8.82,1,57.2
93,5,4,2,7,7.24,0,50.3
101,5,4,0,10,8.19,2,58.1
80,4,1,1,7,7.8,2,50
179,0,2,1,10,6.97,1,84
35,4,1,0,4,4.51,5,9.4
93,1,3,2,10,8.44,4,59.5
143,1,0,1,9,7.08,4,62.6
152,0,4,0,5,8.83,0,69.2
40,0,2,1,2,5.3,2,23.8
86,0,0,1,4,8.82,0,56.2
28,2,5,2,9,6.62,1,47.7
40,5,0,2,9,6.43,0,44.2
30,5,1,1,10,6.73,4,38
27,0,2,0,1,9.19,1,31.6
136,0,1,1,8,8.24,4,64.1
157,3,2,2,2,8.92,3,48.1
54,2,0,2,10,9.39,0,66.1
81,0,5,2,5,8.73,5,39.3
149,2,3,1,2,4.89,3,34.8
101,4,1,2,2,4.61,1,28.9
128,4,0,1,8,5.19,3,48.9
29,5,1,0,2,9.23,0,31
156,5,5,1,10,6.85,1,69.5
66,5,5,2,7,5.76,3,35.6
152,1,4,0,4,4.7,3,43.6
42,0,1,0,9,4.57,5,35
108,2,4,2,1,4.57,5,14.3
90,1,1,1,7,9.32,1,65.4
46,3,5,1,7,7.51,3,40.7
131,2,4,2,8,4.6,3,50.5
106,0,4,2,2,5.73,2,36.7
51,0,3,1,2,8.69,2,37.4
114,0,2,0,1,5.59,2,32.2
148,2,1,0,4,8.01,5,40.8
152,1,5,1,5,7.21,2,59
71,0,2,0,2,8.19,4,32.5
34,0,3,1,1,5.24,2,22
111,3,0,0,9,9.45,5,52.7
77,1,0,2,6,5.66,4,30.9
15,2,2,1,5,9.06,3,32.4
54,3,5,2,7,8.78,0,52.8
78,4,3,0,2,5.18,0,32.5
141,2,2,1,4,7.46,4,45.4
40,2,3,0,3,6.38,5,12.7
168,3,1,1,7,4.59,2,58.4
126,5,3,0,7,8.37,3,49.4
106,0,4,1,1,6.8,0,46.3
133,0,3,0,5,8.27,3,54.3
179,1,4,2,1,5.58,3,38.9
73,4,2,1,8,5.98,0,54.6
143,2,0,0,3,6.42,1,48
100,2,4,2,9,6.51,1,61.7
62,4,5,0,1,6.74,3,17.8
17,3,0,0,4,5.22,0,28.8
67,2,1,2,9,9.33,3,54.1
50,2,5,1,4,8.97,3,38.5
136,4,2,0,1,8.49,4,36.1
148,3,5,2,4,5.38,5,33.2
109,1,3,1,6,8.44,5,46
169,1,4,1,10,6.59,0,85
98,4,4,0,5,8.38,2,43.9
97,3,4,1,8,7,3,50.4
101,2,3,1,7,8.75,4,51.6
22,1,5,0,3,8.73,3,27.2
118,5,1,0,4,5.4,5,23.7
179,1,4,1,2,8.31,3,54.8
140,3,5,1,8,5.03,1,57.9
90,1,5,2,6,5.07,2,45
118,4,5,1,1,6.37,0,41.9
163,0,1,2,3,5.44,1,53.2
160,4,2,1,5,5.42,3,45.2
34,0,4,2,1,8.84,3,24.4
19,1,2,0,4,6.73,0,38.3
17,0,3,2,4,5.54,3,23.4
61,2,3,0,10,5.62,0,59.2
127,1,5,0,8,6.67,1,67.5
16,4,1,2,1,8.21,2,15.2
55,2,5,2,10,8.59,4,49.7
169,1,0,2,4,5.14,5,36.5
141,1,5,1,3,8.97,0,64.4
71,2,0,1,5,9.37,4,41.7
30,1,4,2,7,6.76,5,27.6
58,3,1,2,5,6.28,1,37.3
82,4,0,2,10,6.37,3,49
144,4,4,0,1,6.59,3,35.6
120,0,1,1,9,4.55,5,51.2
159,1,5,1,3,5.43,0,58.2
91,1,5,1,5,5.8,4,39.5
164,1,1,1,6,9.29,1,70.9
16,1,1,0,2,4.7,2,18.3
99,2,2,1,10,8.92,1,74.5
87,2,0,2,1,5.63,3,21.4
156,4,3,2,4,7.62,1,51
56,2,1,0,3,7.46,1,32.9
152,0,3,2,9,9.5,1,77.5
83,2,2,1,10,4.79,2,55.2
115,2,5,2,10,5.17,0,63.7
77,3,4,1,2,6.91,2,31.3
86,1,2,1,7,5.41,2,48.8
159,1,4,0,10,9.43,0,87.9
61,3,4,1,4,5,2,27.4
117,1,4,0,8,6.09,5,48.7
176,3,3,0,2,8.99,1,57.7
173,3,2,0,4,4.63,4,41.2
151,2,3,1,5,4.81,1,53.7
31,2,0,1,6,6.27,2,31.7
68,5,1,1,10,7.7,2,52.2
27,4,4,0,10,6.8,1,46.6
169,1,3,2,5,8.8,1,69.3
143,4,1,2,5,7.64,5,39.2
153,0,5,1,1,6.01,4,37.5
25,3,4,2,7,8.65,1,46.6
75,1,5,2,9,6.65,0,60.5
173,0,1,0,8,8.08,5,62.6
125,2,2,2,6,7.68,2,55.9
150,1,0,2,3,9.36,2,55.4
137,1,4,1,1,8.2,2,44.6
47,5,5,1,6,6.03,1,39.2
178,2,0,0,2,8.43,3,47.4
55,1,1,0,1,8.27,4,20.8
177,3,1,0,8,5.36,3,57.3
79,1,0,1,2,8.76,1,43.8
77,2,2,0,10,7.37,4,48.9
18,4,0,2,7,6.47,5,19.5
49,3,4,1,5,9.09,2,43.4
28,4,3,0,4,5.43,3,19.7
180,0,2,2,4,7.57,0,69.3
36,4,1,1,6,8.32,4,32.3
49,1,3,0,2,4.93,4,13.3
16,5,2,0,1,9.16,1,22.5
24,2,4,0,7,5.05,5,23.7
29,3,4,1,7,5.91,5,25
105,0,2,2,6,5.64,1,50.1
123,0,4,0,3,8.79,5,38.5
65,3,2,1,10,5.79,5,38.7
126,2,1,1,2,6.45,2,42.3
88,0,0,1,8,5.39,3,49
114,4,3,0,7,8.97,0,62.7
68,2,5,0,3,7.62,0,44.9
124,0,4,0,6,5,4,43.2
37,3,5,2,10,5.44,2,45.3
25,1,3,2,4,6.73,2,29.7
34,3,1,1,5,6.23,2,32.5
143,3,5,0,8,7.35,0,68.1
90,4,3,2,4,6.39,1,37
160,0,3,2,8,5.36,4,55.5
83,0,0,1,1,7.48,1,37.6
101,5,3,0,5,5.37,3,33.6
75,2,5,2,1,8.68,0,40.3
71,3,5,1,5,7.86,0,48.8
180,5,4,2,2,5.97,3,38
148,2,3,1,8,4.76,5,46.6
153,3,0,0,7,5.78,3,53.9
48,5,4,1,7,7.27,0,45.6
91,5,2,2,6,8.58,5,36.3
23,0,1,0,8,9.12,1,54.2
43,0,5,0,6,4.71,3,33.5
158,3,2,0,4,6.32,3,43.3
24,1,0,1,8,5.84,3,36.7
77,1,2,0,8,7.72,5,42.7
118,3,0,1,9,9.17,1,70.8
122,3,4,2,5,8.38,4,40.7
146,3,5,2,9,6.65,1,67.4
99,5,5,1,7,6.85,1,52.3
67,2,0,1,9,7.97,4,49.5
117,0,0,0,6,8.74,5,49.1
161,1,1,1,8,4.79,5,54
123,5,2,2,7,7.91,3,46.9
115,1,1,1,2,6.51,1,43.7
18,3,1,2,10,5.39,4,34.6
35,5,5,2,3,6.95,4,13.3
97,1,1,0,2,6.79,0,43.5
93,4,3,1,7,7.44,1,49.8
166,4,0,2,4,9.36,0,63.5
75,2,3,2,10,7.96,0,63.8
159,4,4,0,1,9.47,4,38
172,2,5,0,4,4.51,2,52.2
150,1,3,1,9,9.06,5,66.2
77,0,0,1,2,6.83,4,25.1
135,4,2,0,7,9.27,2,62.7
44,2,0,2,10,8.82,0,59
79,4,0,2,3,9.01,5,25.2
99,0,1,0,1,5.07,0,39.8
54,3,0,0,1,6.73,0,26.2
146,5,5,1,9,7.7,0,72.4
117,1,5,1,10,9.23,4,65.3
90,2,5,0,1,7.8,0,40.8
147,4,0,2,6,9.26,1,62.5
134,5,3,1,2,6.59,0,43
166,5,2,2,10,8.92,3,72
58,3,4,0,3,4.58,0,30.2
19,1,5,1,8,4.78,1,44.3
122,1,0,0,5,5.85,2,48.6
112,5,0,1,5,6.17,4,34.5
139,0,2,1,1,8.18,2,49.5
51,2,1,2,6,5.57,4,24.9
38,1,1,0,6,5.74,1,39.3
83,4,4,0,1,5.75,3,20.2
129,0,1,0,4,6.38,1,54.5
93,0,3,0,4,7.99,3,41.4
35,5,5,0,6,8.39,2,38.1
77,3,0,0,9,7.23,0,58.2
160,3,4,1,9,6.35,5,55.5
53,1,1,1,7,4.69,3,37.8
169,4,5,0,5,7.43,1,59.6
94,4,4,2,3,5.17,0,38.3
62,4,5,0,3,5.33,3,22.2
47,0,4,0,7,4.86,3,38.7
160,4,4,1,4,8.96,3,53.4
166,4,0,1,10,9.07,4,70.6
155,1,1,0,9,8.17,3,69.8
133,5,4,0,10,5.44,3,51.7
46,1,3,2,3,4.74,2,25.4
78,0,3,1,10,7.14,1,67.9
168,0,1,1,7,4.55,0,70.8
89,2,2,2,8,9.15,1,64.1
32,2,0,2,4,8.76,2,34.3
159,0,1,0,2,4.58,4,37.7
141,2,1,2,9,6.85,0,71.7
153,3,0,0,7,5.99,5,47.1
49,2,2,0,10,9.35,5,46.7
147,1,1,0,4,4.65,3,45.1
124,4,2,2,5,7.29,4,39.2
160,4,2,2,6,6.51,1,60.1
36,3,0,0,4,7.64,0,36.6
119,3,2,2,7,7.36,3,48.5
179,2,2,0,4,8.48,2,61
45,5,1,0,4,9.32,5,21.7
173,2,4,1,1,4.76,3,36.9
179,1,2,0,6,4.81,3,52.8
162,5,1,1,3,7.98,4,43.6
164,4,0,1,10,5.49,3,60.2
132,0,1,0,3,8.55,2,51
129,2,5,2,1,8.4,3,37.8
128,5,5,0,3,8.37,2,47
16,5,4,0,6,4.88,4,13.2
135,5,2,2,9,8.77,2,61.7
76,5,1,2,10,6.24,2,48.3
64,2,2,2,2,7.29,2,29.7
103,2,5,2,2,8.14,0,45.5
130,2,3,2,10,6.46,2,62.3
44,3,2,2,8,8.61,0,51.6
17,4,1,1,5,6.09,2,23.4
85,0,1,2,9,5.25,0,61.6
21,5,1,2,7,6.47,1,35.4
25,1,5,0,9,7.27,5,40.2
175,5,0,1,8,7.17,0,69.1
97,1,5,2,6,4.95,3,39.1
126,5,5,1,4,8.11,2,48.5
48,1,2,1,10,9.43,2,60.5
20,4,5,1,7,6.94,4,30.4
169,4,4,1,10,5.34,5,57.8
168,5,5,1,9,8.7,5,62.7
87,1,2,1,4,7.9,1,50.8
111,0,2,0,9,5.88,2,61.1
102,1,4,1,3,7.79,0,51.7
118,0,3,0,3,5.23,2,38.3
135,5,2,0,8,9.26,2,64.6
90,3,0,2,1,8.82,5,24.1
50,5,1,1,8,8.25,2,45
33,4,5,0,4,7.38,3,27.8
139,3,4,1,7,5.4,2,55
162,3,2,0,4,9.38,1,63.9
33,5,5,0,1,5.15,3,9.9
129,0,1,0,9,6.51,2,67.8
28,3,1,1,7,6.48,3,35.3
109,0,1,2,9,8.94,0,75.3
124,2,2,2,9,7.44,0,72.4
165,0,5,1,3,4.79,5,37.6
22,1,3,1,1,7.54,2,20.1
66,3,3,2,8,7.98,2,46.9
43,4,0,1,7,4.71,4,26.2
125,0,1,0,6,9.09,3,61.3
97,2,3,2,10,9.26,0,71.6
157,4,3,2,5,9.13,1,60.5
46,4,2,2,9,5.1,4,33
104,5,3,2,4,5.92,2,35.2
116,3,1,1,10,8.47,2,65.7
141,4,4,1,6,8,3,50.2
119,0,4,1,5,7.21,0,60.3
90,3,0,1,7,9.01,3,47.6
65,2,2,0,9,6.33,0,56.8
65,5,2,1,8,5.65,5,31.9
38,3,4,1,6,6.62,2,35.9
161,0,3,1,3,5.78,0,55.5
166,2,3,0,10,5.83,5,58.3
82,5,0,0,4,4.99,2,28.7
134,4,2,0,8,5.12,5,40.1
179,4,0,2,9,6.49,5,57.9
118,4,1,0,6,6.44,0,54.4
64,2,0,2,8,5.82,5,33.1
116,4,2,0,8,4.75,1,55.2
137,3,0,1,9,5.83,0,68.8
40,4,1,1,1,7.52,3,17.5
70,1,1,2,10,7.99,1,64.6
49,1,5,0,5,5.8,1,41.2
49,2,1,1,7,9.17,3,45.5
166,5,1,0,3,6.7,1,49.5
55,1,0,2,6,7.76,0,47
61,0,5,1,5,7.94,0,50.6
172,1,1,1,9,5.89,1,72.4
91,3,0,1,10,7.45,1,65.3
17,5,4,0,6,8.81,2,36
102,1,4,1,8,6.12,4,49.6
174,0,1,2,4,5.12,0,60.8
115,2,1,1,3,5.42,3,37.7
53,1,4,0,8,6.83,1,53.8
121,5,5,2,1,9.27,3,37
137,0,4,1,4,7.29,0,59.3
23,2,5,0,3,7.62,2,25.7
88,0,0,1,8,8.46,2,61.5
48,3,3,1,7,6.87,2,41
124,3,4,1,6,7.35,0,62.4
125,1,2,1,4,8.03,1,58
106,5,4,0,7,8.14,2,51.7
83,2,5,0,10,5.54,4,50.8
165,5,5,2,8,8.24,4,59.6
168,0,3,2,9,6.64,4,65.6
95,2,2,0,10,8.01,5,51.6
121,3,3,1,3,5.16,1,42.9
80,3,2,1,2,5.28,4,20.8
151,5,2,2,2,6.15,2,37.7
101,1,3,1,1,8,1,42.3
126,5,0,1,3,9.05,4,40.5
92,3,3,1,3,6.21,5,23.5
144,5,4,1,9,8.37,4,57
47,1,4,2,9,7.74,0,57.3
154,2,2,0,9,4.75,5,49.1
66,5,0,0,10,7.71,3,46.8
162,4,5,0,7,4.62,5,42.5
124,5,4,2,5,7.34,3,39.5
153,1,2,2,8,5.27,3,59.1
27,4,2,2,3,6.59,3,16.9
16,0,4,0,6,9,5,31.5
144,3,3,0,8,7.83,4,58.8
97,2,3,0,6,5,1,44
125,2,2,1,1,6.43,3,32.5
121,4,1,0,1,6.29,3,27
80,2,2,1,3,8.96,2,40.9
146,4,5,0,5,4.52,1,46.2
119,4,4,1,9,8.38,2,65.2
25,5,2,0,1,9.29,3,15.9
174,2,3,1,4,7.06,3,50.1
26,5,3,2,1,7.2,5,3.2
22,4,3,2,2,5.56,5,3
164,3,0,1,10,6.88,3,69.7
162,3,1,0,6,9.45,4,56.6
68,2,4,2,5,7.13,2,37.9
25,3,1,0,7,8.26,3,35.5
145,0,5,0,8,7.7,1,73.2
19,2,5,2,9,4.73,5,29.7
15,1,0,2,5,5.85,5,18.2
26,1,2,0,9,7.5,1,50.9
86,4,2,0,4,8.72,1,42.5
39,4,0,0,8,6.86,4,32
107,4,3,1,5,4.83,3,35.8
148,5,1,1,1,7,5,24.7
170,2,0,2,7,7.98,2,62.8
122,1,1,2,4,5.34,3,35.8
179,2,0,2,7,8.08,2,65
122,3,3,2,4,4.99,3,32.1
15,3,4,1,10,5.57,5,33.5
37,2,2,2,2,6.84,4,14.4
52,3,3,0,10,6.06,4,41.3
20,3,1,1,3,6.8,1,25.3
136,0,4,2,9,9.23,0,83
58,1,4,2,10,4.78,5,39.6
124,2,3,2,9,7.64,3,56.6
156,2,4,0,10,6.11,2,66.4
128,3,4,0,6,5.51,4,38.3
154,4,5,2,1,8.71,5,31.7
146,0,3,2,2,6.1,4,33.6
163,2,3,2,10,8.31,5,63.8
118,4,1,2,5,7.25,3,41.1
149,0,1,1,8,6.49,1,68.5
117,5,2,1,2,9.18,5,31.8
176,2,0,1,9,8.89,4,67.8
160,5,5,2,7,8.74,0,69.7
49,0,0,0,1,9.08,3,29.2
167,0,2,1,8,7.43,1,76.4
52,4,5,1,7,7.27,1,44.6
145,5,4,2,5,7.54,3,48.2
77,5,3,1,7,6.95,3,39.8
120,4,0,1,4,6.19,5,29.5
139,3,1,2,2,8.33,5,35.8
70,0,3,0,6,7.66,5,39.3
96,3,0,1,6,5.13,0,48.2
173,4,0,2,4,7.08,5,41.8
82,0,3,0,9,7.19,0,68
94,0,3,0,1,7.76,5,23.5
54,1,0,0,1,5.49,4,16.6
44,2,0,0,9,7.51,5,35.3
178,3,4,2,8,7.19,1,68.9
92,5,3,0,7,7.06,2,44.7
136,4,3,1,4,8.6,3,48.3
124,2,2,1,7,5.59,1,57.9
137,1,4,2,4,8.84,2,55.1
142,2,4,2,3,7.51,5,37.5
127,1,2,2,7,9.31,5,52
24,1,5,1,6,7.3,5,29.8
179,1,1,1,3,6,3,51.6
110,0,5,0,5,7.19,4,44.5
114,0,4,1,5,5.96,3,47.8
80,3,1,2,2,6.23,5,17.4
154,2,0,1,8,5.84,4,52.2
31,3,2,0,1,9.24,1,26.3
39,3,5,2,2,7.73,2,27.6
40,1,3,0,8,6.43,0,51.9
80,4,1,2,8,8.55,2,48.7
47,4,0,1,9,6.53,5,34.5
76,1,2,1,7,9.31,5,45.6
22,4,0,2,10,6.42,1,41.7
63,3,4,0,8,5.12,5,30.2
121,3,4,1,1,5.2,2,32.2
76,2,1,1,3,8.47,1,41.1
71,2,5,2,9,4.7,1,51.4
123,4,1,0,8,6.29,5,40.5
136,3,5,1,6,5.25,2,49.2
118,0,3,0,1,7.58,1,42.1
104,0,4,0,7,9.04,3,60.2
50,3,2,1,9,6.42,3,45.5
112,1,2,2,10,8.41,2,70
179,3,5,2,6,6.28,1,63.5
139,5,4,0,5,8.56,2,52.6
21,1,5,0,1,9.36,5,18.9
102,0,0,2,4,8.66,2,50.1
80,4,4,0,3,5.4,4,19.1
15,2,4,1,4,4.83,2,20.5
36,2,0,0,5,7.4,1,35.4
38,0,3,2,10,6.79,4,44.2
96,1,2,1,1,5.95,4,24
77,3,4,2,7,6.62,4,35.2
150,2,5,1,1,5,5,27.7
77,0,3,1,10,4.92,0,64.8
79,1,4,0,9,6.56,5,41.9
18,3,5,1,9,6.78,0,50.9
118,5,5,0,7,6.01,2,50
28,3,0,2,1,5.21,3,9.5
65,1,0,1,6,9.21,1,54.8
65,0,4,1,1,5.42,0,31.2
143,3,3,2,6,9.05,0,67
50,1,3,2,2,4.98,1,21.9
119,3,2,1,6,4.88,2,47.4
159,1,2,1,7,6.62,1,66.2
147,1,1,1,3,5.89,0,56.9
74,4,1,1,3,4.74,3,20.1
22,0,0,2,10,8.29,0,56.9
68,2,5,0,4,5.62,0,38.7
179,1,3,1,9,6.39,0,81.6
55,1,0,2,5,6.18,3,32.2
100,1,1,0,3,7,2,42.2
91,4,4,0,1,5.37,4,16.3
124,1,3,1,1,8.15,4,37.9
78,3,4,2,8,7.63,1,52.4
161,4,0,2,6,5.39,3,48.4
106,3,2,0,3,9.49,3,41.7
100,4,2,0,8,8.32,3,55.3
109,1,0,2,1,7.6,3,31.5
41,2,4,0,4,5.75,4,22.3
55,2,4,0,7,6.67,2,43.8
101,1,5,2,7,5.14,5,40.2
162,4,3,2,4,5.27,1,49.6
114,3,5,1,5,5.02,3,36.8
179,3,0,2,7,9.25,5,59
72,2,3,1,5,6.55,2,39.6
124,1,0,2,1,6.56,0,41.6
152,1,3,2,8,7.45,1,69.9
154,5,2,0,2,6.27,1,43.7
143,0,2,0,9,7.78,5,61.1
22,1,2,0,4,6.87,3,23.7
57,0,2,0,9,7.57,3,55
19,4,1,0,5,7.37,0,33.4
46,2,4,1,10,8.34,3,52.3
97,5,3,1,10,9.46,5,50.9
90,2,4,1,4,7.49,3,37.1
164,4,0,0,1,5.58,4,27.5
35,5,2,1,7,8.01,3,37.4
160,3,2,2,7,6.76,5,46.5
155,1,1,0,4,7.5,0,59.7
114,0,1,0,10,4.64,3,58.7
78,4,5,0,10,4.67,0,53.9
74,2,3,1,8,9.09,3,55.2
67,5,3,2,2,5.91,4,13.8
82,0,0,1,2,8.82,3,38
24,0,3,2,2,5.02,0,28.1
163,5,0,2,2,8.36,0,53.2
56,0,1,2,9,8.65,3,55.7
45,3,5,1,2,8.88,4,21.8
89,1,2,1,5,7.01,5,38.7
92,4,3,1,1,5.55,1,25.3
30,5,4,2,2,6.93,4,7.8
154,3,2,1,6,8.44,0,71.4
37,3,2,1,3,8.41,0,39
94,0,1,0,8,7.85,0,64.5
148,4,0,1,5,4.96,1,50.7
132,5,3,0,3,9.04,5,32.1
170,1,4,0,9,6.34,3,65.8
124,1,5,1,4,7.27,0,55.1
178,3,3,2,2,7.79,3,43.2
162,2,1,1,3,5.09,2,48.1
34,5,1,1,6,5.59,0,35.4
125,5,1,0,2,6.53,2,36.1
101,1,3,1,8,8.2,0,64.7
177,2,3,0,2,9.17,3,52.2
167,5,5,0,9,7.13,2,66.4
169,2,5,2,10,5.6,0,74.1
42,4,0,2,6,6.66,2,34.6
117,1,3,0,9,5.98,1,65.1
62,3,0,2,2,6.78,3,20.7
107,3,3,1,5,6.41,0,50.8
25,0,3,2,5,5.06,1,28.7
111,4,0,0,3,5.8,5,23
41,0,2,2,7,6.55,4,33
84,0,4,1,9,5.2,3,50.4
64,4,0,1,2,6.26,5,11.5
73,1,5,1,3,5.37,1,35.4
152,2,4,0,3,7.13,2,51.7
166,4,3,1,1,5.86,0,46.9
156,2,4,2,2,5.64,0,49.3
78,2,0,1,6,5.47,3,39.4
57,5,5,2,3,9.12,0,41.1
126,2,2,2,6,9.28,4,55
168,3,5,1,1,5.14,4,30.1
33,0,3,1,10,5.94,5,42.2
77,2,2,2,6,8.86,1,54.4
145,0,0,0,5,6.85,3,53.6
88,5,0,1,9,4.68,0,52.6
157,4,1,1,7,5.61,2,56
158,5,0,1,4,6.82,4,42
52,0,1,2,10,8.13,5,47.3
76,5,4,2,10,4.57,2,44.8
103,3,3,2,10,6.03,0,63.4
86,1,5,2,1,8.67,4,32.1
160,5,2,2,5,6.3,1,52.6
154,3,2,0,2,8.14,3,43.1
132,1,1,0,5,6.36,0,55.5
96,1,4,0,2,9.13,3,40.1
32,2,5,2,1,5.2,1,19.6
146,2,1,0,7,7.58,1,66
116,2,3,0,8,8.37,3,59.9
61,2,2,2,5,7.88,1,45.3
79,1,1,0,9,4.52,0,54.7
131,5,1,0,2,8.1,2,38.1
116,4,2,0,9,6.19,3,51.3
164,0,4,1,8,7.32,3,65.2
86,1,3,0,1,5.7,1,29.4
51,4,3,2,10,5.96,1,51.1
36,2,0,2,3,7.13,1,26.6
20,1,5,0,7,5.42,5,25.8
38,3,1,1,8,5.98,1,44.5
48,0,3,1,7,6.82,1,51.6
106,5,1,2,3,9,3,37
136,0,4,1,3,8.6,0,64
46,1,5,1,9,4.73,4,40.4
106,0,1,1,1,6.59,5,26.7
42,4,1,2,4,5.56,4,14.9
169,3,2,2,1,4.51,5,22.6
163,5,3,0,2,6.38,1,45.7
111,5,0,2,5,8,0,50.5
109,2,5,0,1,8.14,4,34.4
51,1,2,0,6,8.13,1,46.4
74,0,4,2,8,6.83,4,46.7
87,2,4,0,8,8.17,1,59.1
45,4,3,0,4,7.89,5,23.1
35,5,4,0,7,9.35,5,30.9
29,2,1,2,8,7.74,3,37.2
21,4,1,2,2,8.61,5,10.3
155,0,4,2,2,8.49,4,42.4
48,1,2,2,2,6.45,5,15.8
128,0,4,2,8,7.66,1,66.6
49,1,1,2,8,5.12,2,41.7
33,1,4,2,9,8.1,5,39.4
121,1,4,1,2,5.93,1,43.3
64,0,2,1,4,6.77,2,41.4
77,4,5,2,3,8.87,5,27.6
68,1,3,0,6,7.5,5,34.9
112,3,5,1,3,9.35,4,42.4
41,3,0,2,4,8.51,3,28.2
160,0,3,1,9,5.2,0,72.3
85,5,2,0,6,5.32,3,32.8
62,3,4,1,6,4.82,1,38.5
86,2,3,1,4,6.95,2,41.1
95,3,5,0,7,5.8,3,43.5
165,3,1,1,5,8.57,4,52.6
109,0,2,0,7,7.63,2,55.9
120,4,1,2,7,6.13,4,44.3
43,1,0,1,7,8.33,3,45.6
141,1,5,1,6,8.01,4,55.1
70,2,0,0,3,4.86,4,17.3
126,5,3,1,3,5.24,1,36.7
141,3,5,2,1,5.93,2,38.2
160,3,1,0,2,8.82,2,51.3
28,3,2,1,4,7.75,4,22
89,3,5,2,3,8.37,1,42.4
54,5,2,2,5,6.08,5,21.3
139,3,0,0,1,6.48,3,32.8
50,4,4,1,1,5.06,1,21.8
53,0,2,2,9,5.96,2,47.3
79,4,1,1,4,6.61,3,32.7
112,0,5,1,9,7.53,3,64.9
178,0,0,1,7,4.54,2,63
79,4,3,0,10,5.17,4,44.7
122,2,5,2,1,5.07,1,32.5
174,2,2,2,4,6.37,5,45.6
15,0,2,0,5,6.46,3,27.9
150,5,0,2,1,7.2,0,40.7
149,5,5,2,1,5.93,5,20.5
87,0,3,1,2,6.24,3,33.9
102,0,0,1,6,5.45,5,38.2
85,4,0,1,8,6.05,2,45.6
27,1,2,2,1,5.02,3,11.6
96,3,3,0,2,6.94,3,29.6
24,0,5,1,3,8.94,5,23.1
170,4,0,2,4,6.92,0,56
42,2,5,0,7,9.4,4,44.9
43,0,5,2,8,8.63,3,48.6
163,5,0,2,4,7.82,1,52
136,0,0,0,1,6.16,4,30.2
63,2,3,2,9,4.83,2,43.5
127,5,1,2,6,5.73,1,50.5
163,5,5,2,3,5.91,3,38.4
51,0,4,2,8,6.18,0,50.5
99,4,3,0,7,7.24,4,43.8
16,1,2,1,9,6.2,1,49.8
133,1,4,0,7,7.46,5,48.5
96,0,0,0,1,5.32,1,35.1
109,2,4,1,4,4.52,4,30.7
63,0,5,2,8,5.13,5,37.9
178,3,1,2,3,9.25,3,53.1
44,0,5,0,3,6.1,5,21.5
144,3,1,1,10,4.81,3,61.5
52,0,2,1,5,5.2,2,37.5
140,1,0,1,6,8.19,3,59.3
129,3,2,2,7,9.17,5,51
176,3,2,0,6,8.05,3,59.7
117,3,4,0,5,4.7,4,34.8
111,4,1,1,5,8.39,0,53.2
108,1,1,0,3,9.43,3,46.4
108,1,4,2,4,9.29,1,51.9
37,4,2,0,4,9.42,5,21.5
20,2,0,0,8,7.86,3,35.8
44,2,4,2,10,5.07,2,42.1
39,0,2,0,3,6.6,0,37.6
49,3,3,2,10,8.09,5,40.2
134,2,5,0,9,9.09,1,73
88,4,5,2,4,6.29,0,42.5
42,2,5,0,8,7.35,2,45.8
144,3,0,0,5,7.89,1,58.6
20,1,2,0,3,8.59,3,27.2
52,4,1,0,7,7.19,2,42.6
166,1,0,0,3,5.95,0,57.4
51,0,5,0,1,4.93,5,13.2
19,2,2,2,1,7.3,2,17
51,3,2,0,4,8.15,5,26.2
65,1,3,0,4,6.41,5,26.4
66,0,2,1,1,8.11,4,24.6
167,4,1,1,9,6.72,0,75.6
94,4,2,1,9,7.72,1,60
86,0,3,2,10,8.28,4,58.3
174,5,1,1,5,8.03,5,47
123,0,1,0,7,5.35,5,41.2
36,1,1,2,7,7.1,2,43.3
161,2,4,2,5,8.35,0,68.4
71,0,2,1,6,7.9,1,55.1
77,0,5,0,8,9.15,4,53.8
143,2,1,1,9,7.42,0,76.6
50,5,4,2,4,6.87,3,24.9
106,5,2,2,2,6.53,3,26.3
40,4,4,0,7,8.85,1,47.4
153,1,4,1,7,7.22,5,55.1
21,0,0,2,7,8.9,5,31.6
117,1,5,1,3,6.63,3,40.8
146,0,5,2,4,6.74,3,47
116,2,1,1,9,9.08,4,62
152,4,2,0,5,7.4,1,58.5
159,4,2,1,6,6.21,3,51.7
53,3,3,2,8,6.4,0,49.1
63,4,3,2,9,4.62,0,49.7
89,0,4,1,7,6.15,4,45.1
161,0,1,2,6,8.84,2,68.7
151,4,4,1,2,8.71,2,47.7
25,0,0,0,1,4.52,4,5.5
84,4,0,2,3,7.11,3,28.1
140,2,0,0,1,7.63,5,27.2
51,4,1,1,2,5.01,1,21.7
18,0,0,2,7,8.68,0,49.9
58,4,2,0,10,6.22,1,50.4
63,3,5,1,2,7.67,0,37.7
25,0,4,2,4,4.6,1,29.6
59,3,0,2,7,5.19,5,27.1
130,2,1,0,5,9.47,5,49.1
141,5,2,2,5,6.03,5,37
109,3,0,0,5,4.75,3,34.9
141,1,3,2,5,5.77,2,47.7
99,5,2,0,7,7.78,4,45.4
122,2,5,1,5,7.03,2,51.8
73,5,3,2,9,9.22,5,40.7
121,3,1,0,7,8.65,4,50.5
54,0,0,0,8,6.32,3,40.5
145,4,3,1,3,8.37,5,37.2
171,4,1,2,5,6,5,40.3
167,5,3,2,1,6.28,5,27.6
96,0,3,2,1,7.48,4,26.5
133,1,0,1,1,6.79,2,37.6
169,1,5,1,8,6.73,5,59.7
51,4,3,0,6,7.83,5,24.9
158,0,2,0,3,6.18,2,48.5
24,5,1,2,1,6,2,7.5
62,4,2,0,4,6.22,0,35.3
133,4,3,2,4,8.62,3,45.2
99,1,2,2,2,5.06,1,35.7
162,0,3,1,7,6.29,3,63.1
53,4,4,2,7,9.03,5,33.4
28,4,3,0,4,7.14,4,20.2
104,2,3,0,2,5.8,3,32
169,5,2,2,4,6.12,0,53.7
92,2,3,0,4,7.94,5,29.6
121,1,4,1,9,8.73,3,65.7
78,3,3,0,2,9.49,1,42.3
96,3,3,0,3,8.31,2,42.1
59,3,2,2,5,7.13,4,32.1
128,3,1,1,10,7.61,0,74.1
74,0,5,0,4,4.6,1,41
168,2,2,0,8,9.21,2,72.9
99,5,5,2,9,5.21,1,54.2
122,3,1,2,2,9.24,1,45.6
73,4,5,2,1,6.04,2,24
38,5,3,2,3,4.79,2,16
77,3,3,0,1,8.8,1,35.2
75,0,1,0,3,6.86,2,37
134,1,5,2,2,5.05,2,36.8
21,5,3,2,5,5.47,0,27.7
66,5,3,1,7,8.91,2,45.1
36,0,0,2,3,7.82,4,23.9
45,5,0,1,6,4.58,1,31.7
44,5,4,2,3,6.45,2,23.4
130,1,1,2,2,8.71,1,51.2
36,5,2,2,9,6.95,4,32.2
40,4,5,1,7,7.34,0,49.5
128,1,0,0,7,8.39,0,70
106,1,5,2,8,6.94,3,54.9
103,4,0,2,2,6.37,1,30.2
85,2,2,1,3,4.53,5,19.6
148,1,5,0,9,7.56,1,76
94,5,3,1,3,7.47,4,27.3
116,0,1,2,1,5.86,4,29.2
67,2,4,2,8,7.9,2,51.3
152,5,0,1,4,8.44,4,43.8
26,0,1,2,3,6.73,0,31.4
95,0,1,1,5,6.38,0,54.2
55,1,2,1,4,7.18,4,28.7
75,1,2,2,4,7.93,0,50.7
114,4,2,2,7,5.61,0,52.2
159,5,0,2,2,7.74,5,31.1
77,5,4,2,1,6.83,4,15.7
93,5,4,0,8,5.42,0,48.7
48,0,3,2,2,8.4,3,31
131,0,4,1,5,7.3,0,64.8
151,4,3,1,3,5.58,0,48.7
35,0,5,1,10,5.82,5,39.9
81,2,4,2,8,5.21,3,41.1
114,0,5,1,8,6.64,0,67.1
129,5,0,1,9,7,1,64.2
76,4,3,0,2,5.17,3,20.7
112,3,5,1,1,6.36,3,28.1
40,1,5,2,8,8.24,0,54.3
50,1,0,2,5,7.84,0,44.2
115,3,1,0,7,5.52,1,49.3
43,0,4,0,2,7.92,1,35.6
41,2,1,0,9,5.63,4,36.1
151,5,4,1,7,5.81,0,62.9
114,2,4,2,10,6.44,4,56.8
20,1,4,2,9,8.4,1,48.8
86,4,1,0,10,9.1,1,64.5
73,5,2,0,10,9.38,5,51.1
167,0,0,2,3,6.91,0,58.3
168,1,3,1,1,9.04,0,58.9
52,4,2,1,9,6.76,1,50.8
86,3,2,2,4,4.6,4,21.5
164,3,0,1,8,6.17,3,59.3
148,5,3,2,8,8.97,4,56.5
174,4,2,0,3,9.15,1,56.8
46,0,3,2,7,8.45,3,43.5
39,4,5,2,2,9.47,0,35.1
141,1,0,2,6,6.53,1,55.3
119,1,2,1,10,6.8,2,69.4
129,1,0,0,2,6.59,2,41.1
70,3,5,2,2,4.94,1,26.7
166,5,5,2,1,6.46,1,42.9
44,1,0,1,8,4.88,3,36.2
58,0,4,1,4,6.61,0,46.6
76,0,4,2,9,6.15,4,43.9
26,2,0,2,1,5.71,5,1.1
106,5,3,0,9,8.38,4,49.2
122,1,0,2,10,7.24,0,70.6
86,5,1,2,3,5.23,2,27.4
102,0,4,0,2,8.67,5,35
97,4,2,2,5,8.66,3,44.7
42,5,1,2,4,6.53,0,29.4
153,3,1,2,10,5.81,2,62.6
68,5,5,0,6,5.67,2,34.7
28,4,1,1,8,7.49,4,35.2
101,4,2,2,10,6.64,5,45.2
163,4,4,1,5,9.07,0,67.7
171,4,1,2,2,6.8,5,35
63,2,0,1,7,6.5,0,48.1
67,1,5,0,4,9.17,3,38.6
49,0,4,2,4,8.03,0,46.3
61,2,1,2,3,7.73,5,24.6
84,0,0,2,9,8.9,5,49.7
30,3,0,1,3,8.17,3,23.5
18,0,5,1,5,5.95,1,35.2
156,2,1,2,1,5.29,2,35.4
109,0,0,2,5,6.7,2,48.6
38,0,0,2,9,6.63,0,57.1
121,2,2,2,10,5.93,2,61.7
64,4,5,2,2,8.99,3,25.4
94,5,1,0,6,9.45,5,39.9
29,4,1,0,2,7.84,0,26.3
66,2,4,0,10,5.84,5,42
59,0,0,1,4,6.9,5,26.5
164,5,4,2,3,8.38,4,40.7
74,4,4,1,10,5.75,0,58.8
153,1,5,2,1,8.68,1,53.6
93,1,3,2,3,5.97,3,31
60,4,0,1,5,6.55,1,39.1
147,4,5,1,4,5.79,3,41.8
149,3,4,2,5,8.16,4,47.5
107,2,1,0,4,8.14,1,49.5
173,1,5,0,6,4.6,2,55.8
20,4,3,1,9,7.67,4,37.8
110,4,3,0,1,5.74,3,25.5
169,3,3,0,4,6.11,0,59.1
135,3,3,1,5,6.79,4,43.2
16,0,5,2,6,5.87,4,26.6
131,1,3,0,10,7.73,5,58.9
126,3,4,2,9,7.56,2,61.6
119,5,2,0,1,8.86,3,33.9
36,2,5,0,2,4.9,1,24.7
81,5,4,1,6,6.46,2,39.4
98,0,0,0,2,7.21,4,30.8
20,5,2,0,8,7.81,2,38.9
61,1,3,2,4,9.35,2,42.5
178,3,5,2,6,4.59,2,53.2
19,5,3,0,7,8.78,4,31.6
73,3,3,0,1,5.18,5,11.5
82,1,5,0,2,6.86,5,24.5
57,2,4,1,5,9.29,1,47.6
76,4,3,2,8,6.64,1,50
92,4,2,2,7,8.3,1,53.9
88,4,1,2,7,8.8,0,58.5
65,2,5,0,4,4.59,0,34.3
35,1,4,2,10,6.39,2,46.1
171,5,1,1,5,7.71,4,51.5
52,5,4,0,6,7.12,3,29.3
70,3,3,0,3,4.76,1,30.2
70,2,3,2,5,5.56,4,26
